真不知道这种流行是哪来的[允悲]说实话我个人觉得演员又不用所谓宠粉那一套，就算不戴我才觉得正常。朴叙俊那个头箍比这种好多了，主要是那个态度吧，让女演员多尴尬,正面
哈哈哈哈哈哈哈哈,正面
hgr好矫情全员骂栗子[老师好],负面
钱难挣，屎难吃。,负面
挺好笑的看看plq还在自我矮化，本来这些人做点映或者线下就是为了吸引观众，吸引观众又摆个大架子，真是又想赚钱又装的低情商，我看有些人只配看被80个保安围着臭脸的明星,正面
申叔啊 泪目[悲伤],正面
申河均哈哈哈哈哈哈哈哈哈哈哈哈哈哈哈哈哈哈哈哈哈哈哈哈哈哈哈哈哈哈哈哈不开玩笑，我看到他真的笑到了……[泪],正面
会不会是乐在其中呢[doge],正面
赚那么多钱戴个头箍都不愿意啊,正面
[doge]平时情商好听高的啊 这次肿么了,正面
笑死还以为是池城,正面
叔………,正面
看看评论区就知道为什么你种208这么多呢,负面
申河均哈哈哈哈哈哈,正面
哈哈哈哈哈哈哈申叔可爱死了[抓狂],正面
哈哈哈哈哈,正面
啊啊啊啊啊啊啊啊河均啊,正面
啊啊蛮萌的,正面
啊啊啊啊啊啊啊啊啊,正面
哈哈哈哈哈哈哈,正面
四叶草是世界上最好的粉丝吧[泪][泪][泪],正面
这群人真的很爱你们@TFBOYS-王俊凯 @TFBOYS-王源 @TFBOYS-易烊千玺 ,正面
团粉做好了最后的收尾[悲伤],正面
四叶草真的是最温柔最美好的团粉💧💧💧💧,正面
弯下腰捡垃圾的，真的好多好多是草妹啊[泪]可是垃圾实在是太多了[泪],正面
她们会一边捡一边流泪吗[悲伤],正面
六周年也有[单身青蛙] http://t.cn/A60H32Za,正面
最好的团家[泪],正面
她们真的像橙色一样温暖又明亮,正面
全世界最好的四叶草[泪][泪][泪],正面
不悔入团家[泪],正面
能做团粉就说明她们足够温柔💧,正面
就想问票根谁丢的,负面
我爱四叶草一辈子,正面
团粉圈子太温暖了[悲伤][悲伤][悲伤]我要在这住下了[泪][泪][泪]大家别散可以吗[泪][泪][泪],正面
四叶草🍀🍀🍀🍀🍀🍀🍀🍀🍀🍀🍀🍀🍀[泪][泪][泪],正面
因为捡垃圾我们的群名就叫帝国破烂儿回收站[悲伤] http://t.cn/A60HBMyj,正面
@TFBOYS-王俊凯 @TFBOYS-王源 @TFBOYS-易烊千玺 说千万次她们对你们的爱很纯粹很真诚真的善良与温柔的爱你们应该知道。,正面
那个票根是工作人员剪了自己扔在地上的[允悲][允悲]不是粉丝扔的,正面
她们才是真的给了一个很完美很体面的结尾[泪][泪][泪],正面
嗨咯，大家好~我是@扒姐有料 正能量博主哦！期待各位的投稿，值得您关注，求关注！做我铁粉，有福同享有难同当！[心],正面
笑死我了三喜那个生无可恋还带点小恨的表情哈哈哈哈哈哈哈哈哈哈,正面
果然，旅行是检验两个人适不适合在一起最好的方法[笑cry][笑cry],正面
三喜真的好生气哄不好的那种，哈哈哈哈哈哈哈哈,正面
三喜爸：终于治好了三喜的恋爱脑[doge],正面
我恨你，我恨你，我恨你。[笑cry],正面
马杨：马里奥你完了 马里奥：完了，爸爸咋完了？我咋啦爸爸？我咋完了？,正面
哈哈哈哈哈笑死 http://t.cn/A60NYRLj,正面
况爸笑的嘞哈哈哈哈,正面
笑死了   三喜的表情   结果马立奥还在开心自己赢了,正面
马立奥:三喜，以后坐我飞机 三喜:板凳都坐不上，还坐飞机,正面
松子：我赢了[打call]    三喜：真正的心寒不是大吵大闹[苦涩]     况盛：看见了吧，其他男人都是不可靠的，只有爸爸是最好的[打call],正面
哈哈哈，马里奥懵懵的还不知道自己干了啥[笑cry],正面
三喜眼神都空洞了[允悲],正面
这两个宝贝太可爱了[舔屏][舔屏][舔屏][舔屏],正面
三喜：我简直不敢相信我的眼睛[哈哈],负面
最开心的就是况盛了[笑cry],正面
[doge]松子改变不了直男属性的，只是偶尔嘴甜来掩盖自己,正面
三喜四岁认清男人的嘴骗人的鬼[doge],正面
哈哈哈哈哈哈哈哈哈哈哈哈哈哈哈哈况爸放心了，三喜不会轻易被马里奥拐走了哈哈哈哈哈哈,正面
美神降临 http://t.cn/A60HBZOv,正面
两个舞台solo都特别有创意！！一直在抱一抱，妹妹上花轿[抓狂][抓狂]出不来根本出不来，你知道你老板多牛逼吗[抓狂][抓狂],负面
啊啊啊  会弄teng我的[苦涩] http://t.cn/A60HBACK,正面
告诉老板，他真的特别棒,正面
老板[好爱哦][好爱哦][好爱哦][好爱哦] http://t.cn/A60HBww6,正面
好帅啊千玺,负面
跟你老板说他昨晚太帅啦[舔屏][舔屏]@TFBOYS-易烊千玺,负面
老公赢麻了[心][心][心],正面
好帅好帅 http://t.cn/A60HByJH,负面
大夸你们老板[泪][泪][泪][泪] http://t.cn/A60HB2b2,正面
昨晚我老公好帅[舔屏][舔屏] http://t.cn/A60HBziS,负面
昨晚易烊千玺真的特别特别屌！ http://t.cn/A60HByMm,正面
玺宝特别特别棒[泪][泪] http://t.cn/A60HBUK2,正面
好喜欢好喜欢，昨天赢麻了[兔子]再来点花絮照[鲜花][鲜花],正面
太帅了哥哥[打call][打call][打call]@TFBOYS-易烊千玺,正面
好帅！美四昨晚赢麻了[哇][哇][心][心][心],正面
让我亲死你 易烊千玺,正面
这个眼睛！这个睫毛！ http://t.cn/A60HBUyu,正面
美四[爱你] http://t.cn/A60HeSVg,正面
美神降临[心][心][心] http://t.cn/A60HBLdP,正面
值，都4亿多了,正面
所以啊，普通人太难了，拿到那个金灿灿的亮片片得用命去搏。这就是为什么我们都选“陈烁”,正面
看到一个评论：《热烈》献给了那些不得不放弃了梦想的大人、献给了记忆中热血又华美的青年时光、献给了所有曾经为梦想热烈燃烧的浪漫、献给了平行世界里每一个不甘于平凡的人，从而安抚了现实世界里不得不低头的每个自己。[苦涩],正面
但请相信，一直努力就会成功！,正面
这世界也有金钱办不到的事！,正面
梦想无价,正面
如果你非要说每个人都有苦衷，我也只选陈烁，他才是片子里真正那个，打破自身困境的人。,正面
不会输，最后一定会逆风翻盘！,正面
烁烁好样的,负面
所以，能坚持做自己喜欢的事情真的很热烈！！！[赞],正面
啊这，腰，肉，啊🙉,正面
我的梦想值一切,正面
坚持下去就会成功,正面
烁烁[可怜],负面
梦想是无价的,正面
坚持梦想就会成功！,正面
[666][666][666][666]陈烁给你答案,正面
一直努力就会成功[打call],正面
不会，一直努力就会成功,正面
陈烁加油[打call][打call],正面
岁月辗转成歌，时光流逝如花💙💙💙一晃眼小猫咪已是大老虎🐯八月有很多盼头，我只盼着用蓝海接你回家💙💙💙@TFBOYS-王俊凯 这一个旅程披荆斩棘的你辛苦了，下一个旅程将会有灿烂辉煌等着你✨💙💙💙[/cp],正面
💙💙💙十年耕耘，十年收获，祝福组合出道十周年快乐🎉🎉🎉这是小队长陪伴我们走过的第一个十年，💙在这里我们想对你说一句辛苦啦，小小少年长大了，被迫成熟的你是我们的小英雄啊。💙岁月不居，时节如流，愿你真诚不负，岁月不辞，愿大家真诚相待，和谐共生。@TFBOYS-王俊凯💙,正面
影视歌三栖艺人王俊凯💙舞台影视两手抓【TFBOYS唯一门面主唱高音rap领舞】【全能ACE舞台天花板】💙【95首位一番票房破亿男演员】【万里归途票房15亿+】【重生之门提名第31届金鹰奖优秀电视剧】💙待映《刺猬》《749局》解锁更多精彩💙,正面
💙💙💙蝉鸣不止，少年的梦想永不落幕✨祝TFBOYS组合成立十周年快乐🎉梦想的起点是倔强💙💙💙全世界最好的小队长这十年也一直在倔强的做自己💙💙💙不骄不躁，脚踏实地走好每一步是你一直所坚持的，✨梦想没有终点，这条路你坚定前行，我们永远在@TFBOYS-王俊凯💙💙💙,正面
岁月辗转成歌，时光流逝如花💙💙💙一晃眼小猫咪已是大老虎🐯八月有很多盼头，我只盼着用蓝海接你回家💙💙💙@TFBOYS-王俊凯 这一个旅程披荆斩棘的你辛苦了，下一个旅程将会有灿烂辉煌等着你✨💙💙💙,正面
💙恭喜王俊凯大朋友的组合之旅到站🚄2023小螃蟹们🦀接你回家🎉  无边界的《十年》是唱给自己也是唱给粉丝朋友们✨十年前你说先苦后甜，少年的笑容真诚明媚💙💙💙感谢你的坚持，十年之约会到期，但爱王俊凯的心永不变💍 最好的小队长，你永远是我们的第一位@TFBOYS-王俊凯💙💙💙,正面
挥别过去，展望未来。💙💙💙十年旅程，伴你同行。很高兴可以陪你开启一段全新的旅程。💙💙💙 下一段旅程，我们都要更幸福丰盛。@TFBOYS-王俊凯💙💙💙,正面
天猫华为阿玛尼❗️❤️宝马积家蒂芙尼❗️❤️         新专单人是第一❗️❤️华语五大冲影帝❗️❤️         影视歌舞均全栖❗❤️杂志满贯了不起❗️❤         小小网站写爱意❗️❤️灼灼红海只为玺❗️❤️,正面
💙💙💙蝉鸣不止，少年的梦想永不落幕✨祝TFBOYS组合成立十周年快乐🎉梦想的起点是倔强💙💙💙全世界最好的小队长这十年也一直在倔强的做自己💙💙💙不骄不躁，脚踏实地走好每一步是你一直所坚持的，✨梦想没有终点，这条路你坚定前行，我们永远在@TFBOYS-王俊凯💙💙💙。,正面
❤️❤️天南海北鹤相聚❤️ ❤️同心协力狂举红爱心❤️❤️满眼望去皆是红❤️❤️玺气烊烊过周年❤️❤️❤️❤️天南海北鹤相聚❤️ ❤️同心协力狂举红爱心❤️❤️满眼望去皆是红❤️❤️玺气烊烊过周年❤️❤️ @TFBOYS-易烊千玺,正面
🟥🟥🟥🟥🟥🟥🟥🟥🟥🟥🟥🟥🟥🟥🟥🟥🟥🟥🟥🟥🟥🟥🟥🟥🟥🟥🟥🟥🟥🟥🟥🟥🟥🟥🟥🟥🟥🟥🟥🟥🟥🟥🟥🟥🟥🟥🟥🟥🟥🟥🟥🟥🟥🟥🟥🟥🟥🟥 ​​​为易烊千玺举红,负面
💙叮咚～您乘坐的十年之约趟列车已到站🎉祝TFBOYS十周年快乐💙大人的世界没有童话🎩但你的世界总是会保留刚刚好的童趣💙你的冒险精神为你这十年带来了更多的尝试与不凡💙给我们留下很多精彩的瞬间 🎬 🎤2023 我们约好了 下个十年、下下个十年 一起开辟新体验💙@TFBOYS-王俊凯💙,正面
❤️❤️天南海北鹤相聚❤️ ❤️同心协力狂举红爱心❤️❤️满眼望去皆是红❤️❤️玺气烊烊过周年❤️❤️❤️❤️天南海北鹤相聚❤️ ❤️同心协力狂举红爱心❤️❤️满眼望去皆是红❤️❤️玺气烊烊过周年❤️❤️ @TFBOYS-易烊千玺,正面
❤️❤️❤️❤️‍🔥不顾一切，只为你而来❤️‍🔥𝒪𝓃𝓁𝓎  𝒻𝑜𝓇  𝒥𝒶𝒸𝓀𝓈𝑜𝓃  𝒴𝑒𝑒❤️‍🔥我们定会倾尽所有，给你盛大的红海❤️‍🔥@TFBOYS-易烊千玺,正面
⚪⚪⚪🔵🔵⚪⚪⚪🔵🔵⚪⚪⚪ ⚪⚪🔵🔵🔵🔵⚪🔵🔵🔵🔵⚪⚪ ⚪⚪🔵🔵从开始到未来🔵🔵⚪⚪  ⚪⚪⚪ 🔵只为王俊凯🌟🔵⚪⚪⚪ ⚪⚪⚪⚪🔵🔵🔵🔵🔵⚪⚪⚪⚪ ⚪⚪⚪⚪⚪🔵🔵🔵⚪⚪⚪⚪⚪ ⚪⚪⚪⚪⚪⚪🔵⚪⚪⚪⚪⚪⚪,正面
❤️❤️❤️❤️我始终相信爱的力量，爱他的人不会无动于衷，爱他的人会感受到召唤，想要为他做点什么这种冲动是本能的[心]为他举起红海吧 @TFBOYS-易烊千玺,正面
我们十周年见🥰红海接玺回家❤️️️我们十周年见🥰红海接玺回家❤️️️我们十周年见🥰红海接玺回家❤️️️我们十周年见🥰红海接玺回家❤️️️我们十周年见🥰红海接玺回家❤️️️我们十周年见🥰红海接玺回家❤️️️ 我们十周年见🥰红海接玺回家❤️️️ @TFBOYS-易烊千玺,正面
💙以音乐和影视践行灼灼初心💙个人单曲风格多变涂染惊喜，演绎之路扎实自我收获肯定💙时尚杂志一路成绩瞩目，优质代言彰显商业价值，公益善意连绵万里💙以硕果满载敲开新一年的大门，新电影《749局》和《刺猬》待揭更多精彩💙和全能偶像@TFBOYS-王俊凯 相约十周年💙,正面
天猫华为阿玛尼❗️❤️宝马积家蒂芙尼❗️❤️         新专单人是第一❗️❤️华语五大冲影帝❗️❤️         影视歌舞均全栖❗❤️杂志满贯了不起❗️❤         小小网站写爱意❗️❤️灼灼红海只为玺❗️❤️,正面
✨十年之约终于到来💙恭喜王俊凯向着自己的梦想靠近了十年💙回首过往，你尽责履行好队长的职责，对组合舞台的要求坚持到最后💙此刻开始，愿你有更广阔的天地，跟随自己的节奏坚持自己的坚持💙不再是别人口中“玩嗨了”的大哥，而是与伴舞动作一致的认真小凯祝你好运！🥳@TFBOYS-王俊凯💙,正面
1个人量，好吃😋,负面
这大饭包，我朋友自己吃一个还要配碗花甲粉[赞][doge][赞],正面
还得再买几个炸串，不然吃不饱的[允悲],正面
可怕，这个我能吃一天[允悲]我也是东北胃啊！我们家从上到下都没有能一顿吃完这玩意的啊[允悲]能吃就说能吃，总带东北干什么玩意。,负面
这个尺寸的饭包我给别人包过。他1米88  160斤，没吃完剩了一点儿。可能我第一次包没什么经验 用的是沙拉酱 天使牌[doge]我的最爱。,负面
男生应该不够吃，女生应该吃不了[污],负面
我去西安吃面 那一碗我感觉是我三顿的量啊救命🆘,负面
整个这么咬着吃  我可能得剩一口   但是让商家给切成两半  我一半一半吃  就着视频  一会我就吃光了[笑cry],负面
虽然我是东北的，但是这个饭包应该能够我吃一天的了[允悲],正面
咱们都低调点，别把南方朋友吓坏了[允悲][允悲][允悲][允悲][允悲],正面
说真的 这一个我要吃一天,负面
我能吃三天[允悲],正面
我能吃一天,负面
不绝对吧，我一半都吃不了[允悲],正面
@-那就叫ssun 我俩都是小鸟胃,正面
东北胃那得从小培养[允悲]这已经是吃剩三分之一了 http://t.cn/A60HFGag,正面
话说 我辽宁的 从来没吃过这个,负面
从东北回来都要吃消食片，因为太撑了[允悲]又好吃 http://t.cn/A60HQIft,正面
看来吃不完不是我的问题，没看南方网友评论之前，我总觉得我胃太小了，看来我只是normal而已[笑cry],负面
讲真的 这玩意儿我能吃两天,负面
助力企业发展,正面
[打call],中性
担当社会责任，共创美好未来！,正面
金融支持企业活起来，社会经济动起来,正面
金融助力企业发展,正面
助力企业发展,正面
[good][good][good][good],中性
农商银行向企业注入金融活水,正面
助力民营经济发展,正面
金融活水总是那么及时,正面
助力企业发展,正面
金融助力企业发展,正面
助力企业经济发展,正面
助力地方经济,正面
助力乡村企业发展,正面
助力企业发展,正面
支持民营经济发展,正面
金融支持企业发展，促进经济不断提升,正面
助力乡村振兴[good][good][good],正面
助力三农,正面
你好钮祜禄小洒[兔子][兔子][兔子],正面
可爱的嘞[兔子],正面
可爱捏[抱一抱],正面
好可爱呀[送花花][送花花],正面
可爱的[偷乐],正面
好可爱[哇],正面
好好看呀[赢牛奶],正面
怪可爱嘞,正面
你们，不要发图片… http://t.cn/A60O79DX,负面
节选自诗经《隰桑》译为爱之珍之 难以忘怀 难以言说💕,正面
记住，今晚是你的初吻纪念日！涂山璟，你小子应得的！！ http://t.cn/A60O7PJ5,正面
青丘富少，我给你拍下来了，v我50发你原图[毛球][毛球] http://t.cn/A60O7PXU,负面
啧啧啧，有文化啊[爱你],正面
今晚把我腻死了[污][污][污] http://t.cn/A60O7hIn,负面
我允许了 小夭就是你的 谁也抢不走！ http://t.cn/A60O77XS,负面
很好 我很喜欢 http://t.cn/A60O7z19,正面
快发表初吻感言老婆！！[泪][耶],正面
什么时候偷偷读书了写这么有文化的东西，希望你的退婚书也这么有水平[鲜花],正面
你快亲啊[抓狂][抓狂][抓狂][抓狂] http://t.cn/A60O7Psx,负面
你是不是不行✋🏻,负面
翻译一下小狐狸,正面
狐狸开心时刻[馋嘴] http://t.cn/A60O2onF,正面
急的我都想摁头亲了[泪]你太纯爱了[泪],正面
小夭不会主动亲一个她不爱的男人！她是爱你的也是想给你勇气！[awsl] http://t.cn/A60O7yoQ,正面
涂山璟，你今天很有青丘公子的样子！,正面
采访一下你今天感受如何[喵喵],正面
纪念日[心][心][心],正面
就发就发，就喜欢看你和小夭亲嘴[舔屏] http://t.cn/A60Oqgcj,正面
哈哈哈哈，手机说不用担心，我再坚持坚持，你们继续看帅叔,正面
手机内存撑住[哈哈],负面
看到这图，好想叔啊[泪][鲜花],正面
继续等[鲜花][鲜花],正面
我有备注[挤眼],正面
有备注的啦，丢不了[赢牛奶],正面
好,正面
好,正面
好,正面
好哦[赢牛奶],正面
有备注的啦,正面
好,正面
好,正面
好的,正面
好,正面
好宝宝[爱你],正面
有备注[doge],正面
好的,正面
好,正面
好,正面
好滴[送花花],正面
好的,正面
好,正面
好[抱一抱],正面
她们都去看剧了，只有我来看你（bushi http://t.cn/A60pI4fs,负面
[舔屏] http://t.cn/A60pItAb,负面
恭迎王姬小夭 有事就说 我在[haha] http://t.cn/A60pIVRV,负面
我来啦[毛球] http://t.cn/A60pIQpo,负面
这是相思豆为你打下的弹幕 喜欢吗？[我来了],正面
你看看玱玹的眼神啊！！！！！纯纯大sai迷,正面
王姬！！恭迎王姬小夭！！！,正面
小夭宝宝你好美😍,正面
你小子怎么突然变这么好看了,正面
小夭姐姐[色][色],负面
恭迎王姬小夭！！,正面
大王姬怎么这么厉害！,正面
恭迎王姬殿下 http://t.cn/A60poEZ9,正面
🌸🌸🌸🌸🌸🌸🌸🌸🌸🌸🌸  🌷🌷🌷🌷🌷🌷🌷🌷🌷🌷🌷       ╭═╮┌═══✞═✞═♡═♡═ ╮  🎊 ╭╯让一让║小夭大王姬的花车来了🌹 🌸 ╰⊙═⊙╯╰═⊙═⊙═🥂═╯💨  🌹🌹🌹🌹🌹🌹🌹🌹🌹🌹🌹,正面
小夭！[抓狂][抓狂]他们都是坏男人！！！我来嫁给你！！[爱你][爱你][爱你],负面
小夭，我想娶你@杨紫,正面
我去，代码夭？,正面
宝宝[泪][泪][泪] http://t.cn/A60poWmQ,正面
参见大王姬小夭！[我走了] http://t.cn/A60pNHyJ,负面
恭迎小夭王姬（王姬好美[色][害羞]）,正面
⚪⚪⚪🔵🔵⚪⚪⚪🔵🔵⚪⚪⚪ ⚪⚪🔵🔵🔵🔵⚪🔵🔵🔵🔵⚪⚪ ⚪⚪🔵🔵实力🔵🔵ACE🔵🔵⚪⚪ ⚪⚪✨✨@TFBOYS-王俊凯 ✨✨⚪⚪ ⚪⚪⚪⚪🔵🔵🔵🔵🔵⚪⚪⚪⚪ ⚪⚪⚪⚪⚪🔵🔵🔵⚪⚪⚪⚪⚪ ⚪⚪⚪⚪⚪⚪🔵⚪⚪⚪⚪⚪⚪,正面
💙💙💙蝉鸣不止，少年的梦想永不落幕✨祝TFBOYS组合成立十周年快乐🎉梦想的起点是倔强💙💙💙全世界最好的小队长这十年也一直在倔强的做自己💙💙💙不骄不躁，脚踏实地走好每一步是你一直所坚持的，✨梦想没有终点，这条路你坚定前行，我们永远在@TFBOYS-王俊凯💙💙💙,正面
❤️❤️天南海北鹤相聚❤️ ❤️同心协力狂举红爱心❤️❤️满眼望去皆是红❤️❤️玺气烊烊过周年❤️❤️❤️❤️天南海北鹤相聚❤️ ❤️同心协力狂举红爱心❤️❤️满眼望去皆是红❤️❤️玺气烊烊过周年❤️❤️ @TFBOYS-易烊千玺,正面
💙恭喜王俊凯大朋友的组合之旅到站🚄2023小螃蟹们🦀接你回家🎉  无边界的《十年》是唱给自己也是唱给粉丝朋友们✨十年前你说先苦后甜，少年的笑容真诚明媚💙💙💙感谢你的坚持，十年之约会到期，但爱王俊凯的心永不变💍 最好的小队长，你永远是我们的第一位@TFBOYS-王俊凯💙💙💙,正面
❤️‍🔥不顾一切，只为你而来❤️‍🔥𝒪𝓃𝓁𝓎  𝒻𝑜𝓇  𝒥𝒶𝒸𝓀𝓈𝑜𝓃  𝒴𝑒𝑒❤️‍🔥我们定会倾尽所有，给你盛大的红海❤️‍🔥@TFBOYS-易烊千玺,正面
❤️‍🔥挥墨小身影❤️‍🔥街舞是第一❤️‍🔥音乐沁入心❤️‍🔥💽用真心❤️‍🔥演戏路坚定❤️‍🔥角色入人心❤️‍🔥全力赴红海❤️‍🔥归家红海迎 @TFBOYS-易烊千玺 ​​​,正面
音乐人易烊千玺🌹22首个人单曲收藏百万+🌹其中《粉雾海》500万，也是🐧平台首支评过百万歌曲🌹新首张个人实体专《刘艳芬》24分钟销量破24万张🌹14小时预售破7000+万拿下实体专总榜单人第一🌹,正面
❤️十年已至，他是更好的他，因为他你也成为了更好的自己，所以请努力向他奔赴！去见他一面！和自己的青春见一面！❤️融汇到红海里，点亮属于我们的夜空❤️ @TFBOYS-易烊千玺,正面
💙💙💙“从开始到未来，只为王俊凯” 时光流逝，当年只能演家族自制剧的小男孩现如今已是领衔主演电影总票房破20亿的青年演员。💙💙💙这一段旅程披荆斩棘🥺现在旅程已结束🔚我们来接你回家啦🥳@TFBOYS-王俊凯 未来继续绽放光彩🌙💙💙💙,正面
💙💙💙蝉鸣不止，少年的梦想永不落幕✨祝TFBOYS组合成立十周年快乐🎉梦想的起点是倔强💙💙💙全世界最好的小队长这十年也一直在倔强的做自己💙💙💙不骄不躁，脚踏实地走好每一步是你一直所坚持的，✨梦想没有终点，这条路你坚定前行，我们永远在@TFBOYS-王俊凯💙💙💙,正面
💙终于结束的起点💙恭喜王俊凯十年组合偶像身份结束，初遇时还是刚入圈的新人小朋友💙如今你已经成为了出道十年的青年前辈🎉13岁的你青涩稚嫩，23岁的你成熟坚定💙每一个阶段的小凯都是独一无二的小凯✨新的旅程和远方都在等你，未来我们依旧愿意跟随你一同前往💙@TFBOYS-王俊凯💙,正面
❤️❤️❤️❤️从重庆到北京再到各地，周年零散的点由大家的爱意连接成线，这条线慢慢地红到耀眼，今年无论何处，我要在现场让这条线作结。 @TFBOYS-易烊千玺,负面
❤️❤️❤️❤️十年浇灌的树苗已经参天，我驻足远方便一眼望到，于是我跨越荒漠、涉过险丘，排除万难走到树下高声赞美你。 @TFBOYS-易烊千玺,正面
❤️❤️天南海北鹤相聚❤️ ❤️同心协力狂举红爱心❤️❤️满眼望去皆是红❤️❤️玺气烊烊过周年❤️❤️❤️❤️天南海北鹤相聚❤️ ❤️同心协力狂举红爱心❤️❤️满眼望去皆是红❤️❤️玺气烊烊过周年❤️❤️ @TFBOYS-易烊千玺,正面
❤️❤️❤️❤️十年浇灌的树苗已经参天，我驻足远方便一眼望到，于是我跨越荒漠、涉过险丘，排除万难走到树下高声赞美你。 @TFBOYS-易烊千玺,正面
❤️❤️天南海北鹤相聚❤️ ❤️同心协力狂举红爱心❤️❤️满眼望去皆是红❤️❤️玺气烊烊过周年❤️❤️❤️❤️天南海北鹤相聚❤️ ❤️同心协力狂举红爱心❤️❤️满眼望去皆是红❤️❤️玺气烊烊过周年❤️❤️ @TFBOYS-易烊千玺,正面
哇哇哇，王俊凯唱的好好听呀,正面
青年演员&歌手王俊凯💙不断传递正能量💙不断带来好的作品💙不断带来绝美舞台💙出道以来【多首单人歌曲破百万】💙《万里归途》《断·桥》好评不断悬疑剧《重生之门》【播放量突破10亿】💙《刺猬》《749局》两部待映作品💙与全能偶像@TFBOYS-王俊凯 相约十周年演唱会,正面
🔴🔴🔴🔴队内唯一🆃🅾🅿易烊千玺[心][心]个人单曲播放量断层🆃🅾🅿▶影视实绩断层🆃🅾🅿🎥商务时尚断层🆃🅾🅿[赞啊]杂志销量断层🆃🅾🅿[给力]有且只有易烊千玺🔴🔴🔴🔴,负面
💙祝福组合出道十周年快乐🎊十年甘苦风雨兼程，十年求索岁月如歌，初出茅庐的小队长挑起组合重任💙漫漫十年给大家交上了一份满意的答卷。十年来我们与小队长共同经历风雨，无愧于心💙在此遥祝各位未来同王俊凯一样站在阳光下，沐浴春风里@TFBOYS-王俊凯 💙,正面
黄子弘凡太帅啦[哇],负面
小黄好帅[awsl],负面
黄子弘凡真好看[好爱哦],正面
黄子弘凡好帅[赢牛奶] http://t.cn/A60Yvm7R,正面
黄子弘凡太帅啦！！！！,负面
黄子弘凡好可爱,正面
好可爱好可爱 http://t.cn/A60YvmgU,正面
好可爱呀宝宝 http://t.cn/A60YvmoH,正面
黄子弘凡太帅啦！！[抱一抱],正面
黄子弘凡太帅了！,负面
黄子好棒！,正面
黄子弘凡好帅,负面
黄子好帅[爱你][爱你],正面
黄子弘凡 http://t.cn/A60YvESD,负面
黄子特别帅啊！！,正面
黄子弘凡太帅了,负面
黄子弘凡好帅[亲亲][亲亲],负面
黄子弘凡好帅[抱一抱],正面
小黄超帅！,正面
黄子弘凡好帅！,负面
🥺喵,负面
贴贴[喵喵],正面
刘亦菲我老婆，你们别想了[doge] http://t.cn/A60Wtsag,正面
刘亦菲超级可爱吧粉丝打卡都好爱 http://t.cn/A60Woica,正面
是超级棒的刘亦菲啊，迪士尼37亿大女主，爆剧神话，招商天花板，收视率最高8.87 http://t.cn/A60WoK2f,正面
想当刘亦菲的猫的这一层集合🐱🐱🐱🐱🐱🐱🐱,正面
是我老婆[亲亲][亲亲][亲亲] http://t.cn/A60WKBAJ,正面
刘亦菲的粉丝都太棒啦。 http://t.cn/A60WoXHo,正面
超可爱的🤗 http://t.cn/A60Wpvmz,正面
我拍的，我是那只猫 http://t.cn/A60WNsS4,正面
好美的刘亦菲呀！ http://t.cn/A60Wo9tA,正面
美女贴贴[抱一抱],正面
来看剧吧，哈基米就别想了，是我的[哇] http://t.cn/A60W9V65,负面
[喵喵][喵喵]虽然不能变成刘亦菲的猫猫，但我可以看刘亦菲的剧啊[憧憬][憧憬] http://t.cn/A60Wp5aS,正面
好好看啊[赢牛奶],正面
老婆，贴贴，我们的猫猫饿了[抱一抱] http://t.cn/A60WKO3J,正面
我的主人，刘亦菲喂我吃饭[舔屏][舔屏] http://t.cn/A60WKC08,正面
太可爱了[爱你],正面
刘亦菲好美啊[心] http://t.cn/A60WWVAZ,正面
猫：喵喵喵，好爱刘亦菲，又美又温柔[舔屏][舔屏][舔屏] http://t.cn/A60WpVyg,正面
就他们这个战力打谁需要10年啊[允悲],正面
洗钱电影,正面
闻仲回朝一看：老领导噶了，少东家也噶了，同事就剩西伯侯一个了，祖坟都烧没了，现任少东家被紧急送往昆仑山第一人民医院，连门口那俩狮子也不见了！现任总裁天天搂着个人形哈基米吹牛，不知从哪冒出来的黑衣神棍在公司楼顶神神叨叨，10年外勤，年假都没休，这又要出差啦？快退休的年纪公司要黄了！？,负面
闻太师内心：这是咋了嘛？咋了嘛！（佟湘玉语气）,负面
魔家四将是哪四个？,正面
为什么要吼一下,正面
闻太师:早知道是这么个情况，我回个锤子，还不如打怪去[二哈],负面
彩蛋没看就走了[泪],正面
殷商太师闻仲。。殷商两个字是不是多余了？,正面
除了这个彩蛋还有其他的吗[苦涩]   看完九尾狐甜的彩蛋就走了，片尾就这一个彩蛋嘛？,正面
四不像是谁的坐骑来着,正面
这额头第三只眼真奇怪，居然是横过来的。,负面
结尾那马骑的屁股都要颠开花了吧，就这么从北海颠儿过来的么[笑cry],正面
给闻太师攒路费 宝子们快去看[允悲],正面
闻太师之前是演过李碧华版青蛇里许仙的吴兴国老师[打call],正面
卧槽我这个巨物恐惧症犯了。。。,正面
杨戬死对头是不是魔家四将,负面
@喜欢小提琴的V  这是彩蛋二，我们没看到,正面
和动漫啥区别，,负面
@不想上课只想吃喝玩乐,正面
此人万万不可信！,负面
人家司机同意不[doge],负面
这个墙头草[doge],正面
安安总，您老人家说话算话吗？,正面
这个世界上有几个国家政客的话不能信，例如：美国，英国，印度，澳大利亚，土耳其，日本，南朝鲜等。,正面
[阴险]普秃啊要不我跟你一起去海牙旅个游？,负面
土狗的话跟霉国一个尿性[doge][doge],负面
也请关注我小号@醉历史 谢谢,正面
本该如此，就得银行赔,负面
没想到银行也开始无耻！[怒骂],负面
银行最不要脸，以这种恶劣的信用早该破产了。,负面
人家来银行存钱，你银行里的人搞鬼，银行可以没责任吗？,负面
怎么总是有这样的事儿，银行还有没有信用了,负面
这样的银行怎么可以存在呀！银监会和银行高层都是摆设吗？真的可以退市退场了,负面
银行员工啊，管理有问题啊,负面
这个判决不公，要追究银行的刑事责任，并赔偿翻倍罚金,负面
按规定，在银行营业网点里办理的业务被人作案造成损失，银行全责。作案造成的损失，不是正常业务损失,负面
银行赔偿合情合理,负面
本来就应该银行赔！！天经地义的,负面
这还要打官司？？肯定是银行赔啊。。真他妈无语！！,负面
最不要脸的就是银行。,负面
银行赔理所当然,负面
银行用人问题：推销员作为大堂经理，绕着客户介绍基金等理财产品，耽搁客户办理业务。极力反对,负面
是吗？最终法院判决银行赔偿邓女士205万及利息。银行败诉了。,负面
应该的、凭什么在银行存的钱丢了、银行不赔呀！这些垄断行业和强盗有什么区别！,负面
终于看到了一个有良知的法官,正面
吃啥啥没够，干啥啥不行，甩锅第一名[允悲],负面
大张伟+彭磊，这不得打起来哈哈哈哈哈,正面
哇咔咔！百变小英（摇滚版 [开学季][开学季][开学季],正面
直接说几号播行不行[怒],负面
期待新节目，想问下什么时候播[抱一抱][抱一抱][抱一抱],正面
那英老师[抓狂][抓狂][抓狂] 摇滚娜嘤 给我亲亲[抓狂][抓狂][抓狂],正面
期~待~摇滚英英~[亲亲],正面
高叶和彭磊应该是客串，中间四个是常驻，那英应该是背对舞台坐着，听差不多再转过来,正面
那英老师[彩虹屁][彩虹屁][彩虹屁],正面
我的英子终于要来了[泪][泪][泪],正面
那英就是该在音乐类的节目给我乱杀！！,负面
期待那英老师[哇],正面
那姐，我来啦[心] http://t.cn/A60HBGi6,正面
终于来了,正面
卧槽那英老师[舔屏][舔屏]到底几号播给个准信行不行[苦涩][苦涩][苦涩],正面
感觉张亚东回乐夏都年轻了好几岁哈哈哈，快回来吧外面都是黑桃A,正面
期待那英老师[心],正面
百变小英到来[赢牛奶][赢牛奶][赢牛奶],正面
这是什么？大张伟和彭磊！,正面
啊啊啊啊啊啊来了我的英子[心][心][心],正面
终于等来那英了，期待节目播出[打call][打call],负面
从小美到大，来看甜妹迪丽热巴[哇] http://t.cn/A60Ypazy,正面
8年时间可以让人在这个圈子消失，也能让一个人登顶…不知不觉8年啊,正面
来你好星期六看甜热热！！[舔屏] http://t.cn/A60YpXn0,正面
热巴值得,正面
我天呐，姐，你以前居然这么酷[吃惊],负面
高雯时期也好美，打开电视看hi6了[我来了] http://t.cn/A60YpaKO,正面
快来看你好星期六，迪丽热巴 真迪甜[羞嗒嗒][羞嗒嗒][羞嗒嗒] http://t.cn/A60YpS4C,负面
[爱你]美美哒！来看任安乐 http://t.cn/A60Ypo3S,正面
热巴好美 http://t.cn/A60YpSrI,正面
来看迪丽热巴安乐传[加油],正面
迪丽热巴的美是从小到大式的，先来看你好星期六的可爱小迪啦 http://t.cn/A60YpoxL,正面
先看星期六去了[锦鲤附体],正面
以前的黑长直真的很帅，高雯时期[抱一抱] http://t.cn/A60YpDIP,正面
今晚来看甜热热 http://t.cn/A60YpK3c,正面
从小美到大[赢牛奶] http://t.cn/A60Yp0O0,正面
高雯时期太好看了[哈哈][哈哈][哈哈],正面
从小美到大的热巴[爱你] http://t.cn/A60YOhBf,正面
来看hi6[哇][哇] http://t.cn/A60YpCqw,正面
八年前的热巴好美[哇],正面
8年时间，只有她自己才知道有多不容易啊[泪] http://t.cn/A60YpaPa,正面
[苦涩][苦涩][苦涩]绝望中等来了希望,正面
#男子被困玉米地几天获救哭成泪人# 一小时都是煎熬，别说几天了！幸好获救！,负面
#男子被困玉米地几天获救哭成泪人# “别哭，别着急”，这一句句安慰好暖心！,正面
#男子被困玉米地几天获救哭成泪人# 获救瞬间的泪水让人破防！,正面
#男子被困玉米地几天获救哭成泪人# 好难想象这几天都是怎么过来的？,负面
#男子被困玉米地几天获救哭成泪人# 谢谢逆行者们！[中国赞],正面
他肯定超绝望吧，恭喜获救[good],正面
#男子被困玉米地几天获救哭成泪人# 逆行者给了小伙生的希望！,负面
救生员的嗓子都喊哑了[悲伤],正面
看哭了好难受，救援队太辛苦了。昨晚刚经历了地震，今年这是怎么了，希望大家都平平安安!🙏🙏🙏,正面
哨子是个好东西，每个人都备个 有难时能召来人,正面
愿大家都平安！,负面
好歹有个板,负面
这是真的不容易，平安就好,负面
太好了，平安就好，救援人员也要平安归来[心],正面
叫逆行者不太恰当，本来就是救援队，专门去救援的.,正面
泪目了，真的好感动,正面
听着救援人员的嗓子都破了，辛苦了，可爱的逆行者[泪][泪]，一定都要平平安安的啊,正面
四天，其实都很绝望了。。唉,正面
正常，换我被困几天也怕了,负面
没见过你们这么着急入伍的[苦涩]别人都是一拖再拖,负面
以头抢地耳[裂开] http://t.cn/A60Hk6gm,负面
哥几个入党都是抢着入的吧[苦涩][苦涩][苦涩],正面
爱国之心无法阻拦 http://t.cn/A60HkkqA,正面
md，他们hgr真的缺7个大兵吗，啊啊啊，而且一只肩膀有伤的小耗子你们要他去干什么啊[微笑]，是让他给你们部队写歌吗[微笑],正面
杀我只需一个小小公告[微笑][微笑],正面
调理不好了,正面
我心里有事[伤心],负面
哭的手抖ㅠㅠ,负面
老公我不行了😭😭,负面
[生病][生病][生病],负面
老公我心里有事儿,负面
我心里有事,负面
你们能不能别剃他的头发[淚][淚][淚],负面
我心里有事儿,负面
我心里有事…,负面
调理不好了[泪],正面
老公……本来刚要调理好你的新头像我又忍不住了[伤心][泪][泪][泪][泪],正面
又要养胃了吗[泪][泪][泪][泪][泪],正面
黑化捕鼠上线[单身狗],负面
图片评论 http://t.cn/A60H0uv5,负面
作图@一口一个泡虎_,正面
祥云仙子好棒[赢牛奶][赢牛奶][赢牛奶],正面
祥云仙子太🐮了,负面
超越的小可爱丶：鬼马精灵宋云祥，至纯至善小祥子，七时七世果敢又灵动，是天地间的一朵祥云，也是我们唯一的祥云仙子，期待@杨超越 的演绎,正面
祥云仙子好棒[打call][彩虹屁],正面
祥云仙子太厉害了[打call][打call],负面
来喽,正面
祥云仙子好棒[开学季],正面
图片评论 http://t.cn/A60HWxHY,负面
祥云仙子太厉害啦[送花花],负面
[打call][打call][打call],负面
好哦,正面
[打call][打call][打call]继续冲,负面
[打call][打call][打call],负面
七时吉祥#杨超越七时吉祥# 杨超越祥云#七时吉祥# 杨超越七时吉祥#杨超越祥云# ​​​@杨超越 ​​ ​​​[彩虹屁][彩虹屁][彩虹屁],正面
啊啊啊终于播啦 期待期待[开学季][开学季][开学季],正面
322万了[送花花],正面
[送花花][送花花][送花花][送花花],正面
祥云[羞嗒嗒],负面
刚刚去了解了一下，小时代四部总票房十几亿，两部曾在2013、2014华语电影的票房前十 http://t.cn/A600ctZ9,正面
2013年的4亿可比现在的4亿之前的多[思考]林萧你不要太厉害,正面
林萧是十年中国影史暑期档青春片票房冠军女主哎,正面
我记得当时看第四部电影院一堆人看哭了！小时代我反正觉得作为一部商业片，票房高就已经赢了，而且梗还可以火这么久，而且我觉得这几年的很多国产片还不如小时代[笑cry]害，还有人说什么前缀多，可这是官方文案啊。那杨幂去掉这么多字的话：“一番票房华女前五”（一番说明抗票房能力哈） http://t.cn/A600tGdb,正面
而且那个时候的电影票没现在这么贵,负面
只看观影人数还是小时代多，因为票价上涨了票房也跟着涨了。十年前的电影票和现在的电影票不是一个价,正面
天哪，她好优秀啊我一个路人看了都觉得好厉害以前的那么多票房可了不起了,正面
现在和十年前能比吗？十年前电影票一张才十多块钱，我记得我当时好像是十九块钱买的票[允悲],负面
而且那是十年前的票房成绩了[吃惊],正面
我也是第一次知道[哆啦A梦害怕]林萧你这么厉害都不说的[哆啦A梦害怕],正面
我也第一次知道,负面
确实是十年前的四将近5亿的票房，放在现在是多少,正面
这可是十年前的四亿多。问问银行现在抵多少,正面
第一次知道[哆啦A梦吃惊]林萧你这么厉害怎么也不通知我一声,负面
小时代当时同学没有不去看的[彩虹屁],正面
哇，这么优秀？[哆啦A梦吃惊],正面
还真的是第一次知道,正面
你们怎么回事咋都没有宣传[吃瓜][吃瓜][吃瓜]粉丝也太不及格了吧。被幂幂带飞,负面
林萧你。。。,正面
2013年那个时候国内4亿多近5亿票房已经是现象级的电影了,正面
大合照晚点编辑[举手]！！,正面
无论大家这次有没有到现场，下一次一定能到[努力]再不行就下下次下下下次下下下下次[我走了],负面
宝宝鸿雁太好听了！昨晚所有的歌都唱得太好了！宝宝你每一次出现都比上一次更惊艳！祝贺黄子第一次音乐节取得全方位的成功！🥺永远期待歌手黄子弘凡下一个舞台！🥺,正面
音乐节特别特别棒！唱的每一首都好喜欢❤️,正面
你真的很牛，鸿雁好好听[泪][泪],正面
太棒啦[赢牛奶],正面
特别特别帅！[好爱哦],正面
太帅啦宝,正面
超级帅宝宝,正面
昨晚黄子弘凡超级帅超级稳超级棒！！Lars' Mic超好看！！特别特别喜欢你！！永远会有人跨越山海来看舞台上闪闪发光的你！！！[心],正面
帅疯啦！！！,正面
红色挑染帅晕我[doge][doge],负面
宝宝昨天晚上特别特别帅！音乐节现场超级燃！,正面
宝宝唱的特别特别好[抓狂][抓狂][抓狂][抓狂],正面
来了来了,正面
特别特别帅！宝宝,正面
永远期待你！你永远值得被期待[抱一抱],正面
总有一天堡们都会亲眼看到舞台上闪闪发光的黄子弘凡@黄子弘凡_Lars [赢牛奶],正面
唱的特别特别特别好 很喜欢 永远支持你 [航天员],正面
特别好特别好！！！[送花花][送花花][送花花],正面
不要宣传中国的好。不然垃圾天天来中国,负面
我其实现在有点同情印度网友了，印度网红们也算是找到流量密码了，哈哈哈。,正面
最近似乎破防视频有点多,负面
不知道印度哪来的盲目自信，在井里吗？,正面
图片评论 http://t.cn/A60TidC5,负面
大煞风景高架桥还好意思拿出来说,负面
印度网友算是比较诚恳的看到自身的不足，对比韩国人，韩国人才是世界上精神最贫穷的人类[允悲],正面
我认识的一个朋友疫情前去了趟印度出差，回来说太可怕了那就是个人间地狱,正面
厦门漂亮的可不止这一个地方[嘻嘻],正面
阿三最多也就看到我们面上的基建，已经让他们破防了，而中国人的高级审美全球独一份，琴棋书画雕梁画栋，更高级的还有我们博大精深的文化，四书五经经史子集，更更强大的是中国人的精神，仁者爱人舍生取义，在全球平均智商最高的东亚我们是智商最高中的最高，中华民族就是这个星球的外星人。,正面
吊打阿三不是正常的嘛，只是国足不能[允悲],正面
我发现一个问题，那就是我们中国人的热情有时候会被人拿来嘲讽，特别是女孩子，遇到外国友人表达友好，热情，结果有些外国杂碎，转身就在社交平台上各种诋毁中国女孩，在这里我想提醒女孩子们，在不了解一个人的时候，过度表现热情，友好，并不见得会得到善意的回报，知人知面不知心,正面
前两年经常去散步，现在成网红点人太多了 http://t.cn/A60Hvx4f,正面
厦门也不是“随便”的城市了吧？！,负面
别说他们没见过 我几十岁了都没见过这么美的地方[允悲]  北上广深都去过了 以后有空最想去新疆 然后应该是厦门了,正面
厦门是一座不知名小城？,正面
估计当时十里长堤上最脏的东西就是这个印度阿三[允悲],正面
不要转b站里的印度视频了，留言都是小编编的，骗流量的,负面
这个狗皮膏药，哪哪都是它，真烦人啊,正面
全国城市的整洁干净，厦门应该是排在头几位的,正面
每一个女孩都是独一无二的，都有自己独特的美，不用在乎旁人的言语，信心就是你的底气。#杨紫小夭# 我就是我最喜欢的演员杨紫[赞],正面
自信是最美的，每个女孩都是独一无二的[作揖],正面
不用去看别人的风景，努力走好自己的路就行，杨紫小夭[赞],正面
杨紫在我心里就是最美的，现在是越来越自信迷人，最近状态开挂了。,正面
杨紫小夭[打call] http://t.cn/A60jkPNc,负面
独一无二，就是很自豪的一件事了[爱你][爱你][爱你],正面
用作品说话，自信一些，你很美,正面
永远清醒永远温柔，杨紫小夭好棒[打call][打call],正面
独一无二[抓狂]就是最好的,正面
杨紫是好演员，一切为角色服务，生活中的她又漂亮又可爱啊 反正我超爱[毛球] http://t.cn/A60jkJ5i,正面
作品是演员永远的底气，演员杨紫未来可期[赞],正面
漂亮没有标准答案，每个人都很漂亮[怒]每个人都是独一无二的，欢迎来收看长相思[心][心],正面
我的紫宝真棒，鼓励我们女性要自立自强[哇][哇][哇][哇][哇],正面
每个女孩都独一无二[爱你][爱你]不要因为别人的言语轻视自己，自信的你最美！【杨紫玟小六】【杨紫小夭】【杨紫长相思】  #杨紫小夭#Y#杨紫长相思#Z#杨紫玟小六#,正面
审美是多元化的，我就觉得杨紫是大美女，有些人不喜欢可以不看，不要拿你的审美来PUA我 http://t.cn/A60jkXZZ,负面
用作品说话 每个女孩都是独一无二的[彩虹屁][彩虹屁],正面
[苦涩][苦涩][苦涩]杨紫已经很好了 怎么也要为这些烦恼而困扰，不喜欢不看就行了啊 怎么还要骂人 http://t.cn/A60jkoxk,正面
老婆说的好棒[打call]自信的女孩最美[舔屏],正面
说的好棒，也适用于每个黑她的人,正面
每个女生都是独一无二的 我就喜欢杨紫这样的 你不服啊[委屈],负面
刘宇宁，你要不要那么可爱[抓狂][抓狂][抓狂],负面
刘宇宁跳舞啦[awsl]可可爱爱@摩登兄弟刘宇宁 http://t.cn/A60YNB5U,正面
刘宇宁好可爱好可爱好可爱！以后多跳！@摩登兄弟刘宇宁 ,正面
刘宇宁好棒[憧憬]@摩登兄弟刘宇宁,正面
可可爱爱的[哇],负面
刘宇宁可可爱爱[喵喵],正面
好可爱呀跳舞的刘宇宁[可憐][可憐][可憐]@摩登兄弟刘宇宁 http://t.cn/A60YNdWD,正面
刘宇宁可爱！,正面
啊啊啊啊啊好可爱啊@摩登兄弟刘宇宁,正面
刘宇宁跳舞啦,正面
哈哈哈可可爱爱的[笑哈哈],正面
明明跳的一模一样[努力][doge],负面
刘宇宁,正面
可可爱爱刘宇宁@摩登兄弟刘宇宁,正面
刘宇宁，你是不是偷偷练舞了[doge],正面
刘宇宁好可爱[打call],正面
一起来看“宁”式舞蹈[笑哈哈]@摩登兄弟刘宇宁,正面
啊啊啊啊啊刘宇宁[抱一抱],正面
刘宇宁好可爱。,正面
刘宇宁好帅[打call] http://t.cn/A60YN3K5,正面
⚪⚪⚪🟢🟢⚪⚪⚪🟢🟢⚪⚪⚪ ⚪⚪🟢🟢🟢🟢⚪🟢🟢🟢🟢⚪⚪ ⚪⚪🟢🟢唯爱🟢🟢王源🟢🟢⚪⚪ ⚪⚪⚪🟢 🔥绿海猖狂🔥🟢⚪⚪⚪ ⚪⚪⚪⚪🟢🟢🟢🟢🟢⚪⚪⚪ ⚪⚪⚪⚪⚪🟢🟢🟢⚪⚪⚪⚪⚪ ⚪⚪⚪⚪⚪⚪🟢⚪⚪⚪⚪⚪⚪,正面
好帅好帅！[色],负面
宝宝今晚见  给你看最美绿海[彩虹屁][彩虹屁]💚💚💚💚💚💚💚💚💚,正面
绿海猖狂！,正面
我靠宝宝,中性
💚💚唯爱王源💚💚绿海猖狂💚💚唯爱王源💚💚绿海猖狂💚💚唯爱王源💚💚绿海猖狂💚💚唯爱王源💚💚绿海猖狂💚💚唯爱王源💚💚绿海猖狂💚💚唯爱王源💚💚绿海猖狂💚💚,正面
王源哥哥我来啦，待会见[亲亲][亲亲],正面
哇！！哥哥好帅！！[哇][哇],正面
今晚见呀 [爱你][爱你][爱你],正面
让！让！让！让！！王源早已next level💚组合唯一大主唱组合唯一文化人王源一个月三地五场万人演唱会 场场爆满 一票难求 全网火成现象级巡演 创下95后歌手上座率➕票房双记录🏆 🔥大麦歌手粉丝数211.2万人  90后歌手第一！🏆五场演唱会均场想看人数破80万 热抢人数破160万！💚💚💚,负面
⚪⚪⚪🟢🟢⚪⚪⚪🟢🟢⚪⚪⚪ ⚪⚪🟢🟢🟢🟢⚪🟢🟢🟢🟢⚪⚪ ⚪⚪🟢🟢唯爱🟢🟢王源🟢🟢⚪⚪ ⚪⚪⚪🟢 🔥绿海猖狂🔥🟢⚪⚪⚪ ⚪⚪⚪⚪🟢🟢🟢🟢🟢⚪⚪⚪ ⚪⚪⚪⚪⚪🟢🟢🟢⚪⚪⚪⚪⚪ ⚪⚪⚪⚪⚪⚪🟢⚪⚪⚪⚪⚪⚪,正面
我靠帅晕,负面
唯爱王源 💚唯爱王源💚唯爱王源 💚唯爱王源💚 唯爱王源 💚唯爱王源💚唯爱王源 💚唯爱王源💚 唯爱王源 💚唯爱王源💚唯爱王源 💚唯爱王源💚 唯爱王源 💚唯爱王源💚唯爱王源 💚唯爱王源💚 唯爱王源 💚唯爱王源💚唯爱王源 💚唯爱王源💚,正面
好帅！！！！！！！,负面
唯爱王源 💚唯爱王源💚唯爱王源 💚唯爱王源💚 唯爱王源 💚唯爱王源💚唯爱王源 💚唯爱王源💚 唯爱王源 💚唯爱王源💚唯爱王源 💚唯爱王源💚 唯爱王源 💚唯爱王源💚唯爱王源 💚唯爱王源💚 唯爱王源 💚唯爱王源💚唯爱王源 💚唯爱王源💚,正面
太帅了[泪][泪][泪],正面
💚唯爱王源💚💚唯爱王源💚💚唯爱王源💚💚唯爱王源💚💚唯爱王源💚💚唯爱王源💚💚唯爱王源💚💚唯爱王源💚💚唯爱王源💚💚唯爱王源💚💚唯爱王源💚💚唯爱王源💚💚唯爱王源💚💚唯爱王源💚💚唯爱王源💚,正面
好帅的王源宝贝 期待[送花花][送花花][送花花],正面
老公啊啊啊啊啊,正面
爱马适！！！！,负面
于适你现在是真的火了，遵纪守法，该税别睡。其他：无所谓，我溺爱，谁让你是我老伴🌹🌹,负面
哥哥，你最近辛苦了[鲜花],正面
小马和你都很棒[亲亲],正面
给我看看你pyq[来][来][来],负面
不要因为路远而踌躇，只要出发必到达[泪][泪][泪],正面
啊啊啊啊姬发和雪龙驹[抓狂][抓狂][抓狂],负面
也是适宝的宝贝[抱抱] http://t.cn/A60YTGL1,正面
有很多真爱你的人，小🐟大步往前走吧,正面
你不睡 我不睡 你看我两多般配,负面
呜呜呜今天看见你了  小宝真的好真诚还好啊[泪][泪][泪][泪] http://t.cn/A60YTqKZ,正面
是姬发，更是演员于适,正面
老公🥹🥹🥹,正面
老公老公[抓狂][抓狂][抓狂]脏兮兮的也好帅[喵喵][喵喵][喵喵][喵喵]我好爱,负面
这么帅不要命了,正面
我要给它～苹果～[哇][哇][哇][哇][哇],正面
姬姬豹来啦[心][心][心] http://t.cn/A60YTaoS,正面
你真帅！！！ http://t.cn/A60YTGhA,负面
哥 你最近好好休息！！,负面
是小马王子！！[开学季][开学季],正面
啊啊啊啊啊啊老婆[awsl],正面
期待宝贝舞台，好美[可怜],正面
宝贝[色][色][親親][親親][親親]想你！！！,正面
老婆老婆我爱看！！我想看动的,正面
啊啊啊好性感[舔屏]啊啊啊姐姐[舔屏]啊啊啊[舔屏],正面
好噢宝贝[送花花],正面
好美[送花花],正面
啊啊啊啊啊啊啊啊啊啊啊老公啊啊啊啊啊啊,正面
哇哇哇哇哇哇好期待老婆的舞台[哇],正面
排练辛苦啦，这个扇子舞好漂亮[舔屏][舔屏],正面
演出顺利[抱一抱][抱一抱][抱一抱],正面
舞台见[哇][哇],负面
我靠老婆你瘦了多少啊[苦涩],正面
一定要多喝水！这个天气真滴好热[跪了],负面
宝宝多舞呜呜呜呜呜[泪],正面
啊啊啊啊啊啊啊啊啊好漂亮的宝宝[舔屏][舔屏][舔屏],正面
啊啊啊啊啊啊啊啊老婆.,正面
啊啊啊啊老婆,正面
哇哇哇[好爱哦][好爱哦][好爱哦][好爱哦][好爱哦],正面
真的好久不見,负面
几乎是整个华北平原+山西,正面
【辟谣】精确到某日几点几分，震级多少的预测消息均为谣言，请大家不要相信！法网恢恢疏而不漏，震后造谣必被抓！ http://t.cn/A60T7G7k,正面
别问会不会余震，能回答你的全是造谣,负面
偷了个图，从2往外的随便睡。3往里的理论上也没问题了，但是胆子小的可以考虑在车上或者空旷地带打地铺睡。 http://t.cn/A60T7fXR,负面
本德州人不敢睡[苦涩],负面
衡水人躺床上都有幻觉了[苦涩],正面
泰安真的震感很明显，直接给我晃醒了，还好睡眠质量不咋好。马上就醒了,负面
坐标张店 能睡了吗[泪],正面
济南，两点多地震第一次冲击比预警先来了几秒[允悲]，我迅速往外跑[跪了]紧接着随着播报时间较长第二次冲击开始晃动，然后手机开始长鸣警报声，觉得站不稳（可能是太害怕了）[跪了]跑出去之后感受就是感谢自己[允悲],正面
德州现在正在开着灯躺床上，随时准备跑，身边放着水和零食[泪],正面
还有余震吗[悲伤][悲伤]好多人开车跑了[悲伤][悲伤]还有带着花生油的,正面
两点多刚睡着就被晃醒了，晃醒之后心突突的，还以为是熬夜熬的[泪][泪][泪]后来发现真地震了[泪][泪][泪],正面
#山东平原地震#自动绘制的震感人群分布图[话筒],正面
衡水阜城表示震得心发慌[泪],正面
注意安全,正面
熬夜地震了 我还在思考是闹鬼还是地震了[哆啦A梦害怕]上网发现是地震了拉起全家人就开车跑了,正面
本德州人现在还没敢回家 做在车上[泪],正面
坐标河北邯郸 不敢睡觉,负面
邯郸不配出现在地图上,负面
坐标淄博 不敢睡了[泪],负面
背景不像奥加廖沃[二哈],正面
那一头浓密的秀发！真迷人,负面
好凶的猫猫,负面
各种样子都好看[good],正面
本来就是妲己的衣服，纣王觉得好看就抢走了,正面
是我发现的！我骄傲！[送花花][送花花][送花花],正面
我们小狐狸是富养的！,正面
啊啊啊！好可爱啊妈呀！殷寿：哎呦给我的哈基米穿上漂亮衣服[亲亲][亲亲][抱一抱][抱一抱],正面
何尝不是一种养成系🥺,正面
这版妲己是真正的九尾狐，以前那些版千篇一律都是人太假了,正面
手把手教她穿衣服[憧憬]被涩到了[害羞],正面
大王每天上班要接受祭天塔工程汇报，被迫接受自己的生命倒计时；要面对一群人指责他引发天谴；要防止四方诸侯叛乱；要控制质子团加深对他们的PUA；还要忍受一只阳光小狗在他面前傻了吧唧露出白肚子……糟心的一天下来回到摘星楼，养养小狐狸，就是唯一能让他完全放松的事情了[笑cry],正面
那个时候，没有绸缎的……也没有金银……,正面
昨天刚刚看了有会算的先生写过妲己娜然,正面
daddy :给我的小狐狸打扮的漂漂亮亮的[可怜][可怜][可怜],正面
费翔的衣服🦊穿得下吗？这是情侣装呀，又磕到了[送花花],正面
妲己跳舞那一段，用手比嘘的手势，跟殷启杀老商王后，被质子们围攻时候。比嘘的手势是一样的。可能她妲己跳的舞蹈就是在重现她附身殷启杀老商王的场景。,正面
啊啊啊啊啊啊啊啊啊啊寿狐天下无双！！！！！！,正面
官配真的好好嗑啊！！！！！,负面
daddy·狗狗·养成 经典永流传,正面
daddy的衣服充满了荷尔蒙的气息[彩虹屁][彩虹屁][彩虹屁],正面
很涩涩啊你们不觉得吗[舔屏],负面
传统剪裁的好处就在这儿了，没有肩线，纣王能穿妲己也能穿[喵喵],正面
殷寿养狐日记[憧憬],负面
此微博被“北京同城”用户多次点击互动，帮更多小伙伴发现本地新鲜事和打卡地 。http://t.cn/A6yZypDg ,正面
为什么不在网上买。线下便宜？[挖鼻],负面
早就不用苹果很多年,正面
[喵喵]确实西单那个苹果店铺，上来就给你洗脑让你换新手机。,正面
教育优惠吗[挖鼻],正面
他们说不给优惠的原因是什么？,负面
兄弟，你费那劲干嘛，不给开发票，直接投诉税务局，特别管用[嘻嘻],负面
啊？现在变这样了？以前去感觉还不错的呀……,正面
态度不好还不给优惠最后你还买了，然后店员也是在官网下的单，那为啥不当时就走自己去官网买呢，何必受这鸟气。,负面
其实哪个品牌都缺你这样的用户…,负面
SKP店比这家好太多，这家整体风气极差，店员心术有问题，个别领导有不错的。去过几次，一点儿没瞎说他们！,负面
拉横幅,负面
早不用它,负面
跟那个品牌关系不大，都一个鸟样，直接网上买不香么，除了一些奢侈品基本不去商场买东西了,正面
为什么这样对你，还要在那消费，,负面
直接扭头走呗，还给他们那消费？,负面
朝阳大悦城女员工也是，嫌弃我的眼神。,正面
不给人家优惠，还拉着人家，你们这些员工是什么心理？仇富？,负面
换一个店……,负面
少女一般的姐姐，好美[鲜花],正面
古相思曲，推荐姐姐看看,正面
漂亮！[送花花][送花花][送花花],正面
此微博被“北京同城”用户多次点击互动，帮更多小伙伴发现本地新鲜事和打卡地 。http://t.cn/A6yZypDg ,正面
美[喵喵],正面
这是要做啥？？,负面
拍照拍视频。拿把铲子开始干得,负面
人在家就在[加油],正面
[抱抱][抱抱][抱抱],正面
先收拾收拾，杀杀毒，后期再装修捯饬一下吧，感觉还可以住[抱抱],负面
拆了，搭个帐篷也要住。艹了。,负面
清零了,正面
[抱抱][抱抱][抱抱],正面
五个人凑不出来一个完整的皮,负面
盘丝洞[允悲],正面
好辣好辣,正面
你最辣🌶,正面
真是越来越瘦了，更瘦了,正面
没一个善茬[允悲],正面
真火辣,负面
蒋老师好～ 纹身的小姐姐有微博吗,正面
好喜欢啊[心][心][心],正面
[心],正面
好久不发ins了,负面
美，纹身,正面
好看,正面
有多少人想要黑唇美女微博[偷笑],正面
哇 第一次刷到时我还没孩子呢[污]，现在孩子9岁了，还是单身好,负面
都喝酒，需要司机吗？,负面
好美 都好有特色,正面
你最美,正面
姐妹们微博有吗[笑cry],正面
大运会期间 哪个商 k 还开着？麻烦告诉我,负面
妹妹抽着你的烟 喝着你的酒 感情就到电梯口,负面
商k不拍照。,正面
妹妹：踏马的又来个穷批 就给这点比小费 还假装一副正人君子的模样,正面
女孩子去商k还是有点尴尬的,正面
那妹妹是强迫干的，不还是自愿的吗,正面
妹妹哭了？ 妹妹握着手里的小费 牙都笑掉了,正面
[doge]人家只是为了赚钱，一个月好几万呢[doge],负面
18岁干商K的妹妹可爱？哈哈哈,正面
这你应该就把事说完，结账走人。不用陪着了。多尴尬啊，再说你们没有男的么,负面
玩归玩闹归闹KTV里别拍照,负面
忽然想起了张雪峰说的那段话,正面
笑死，妹妹日入上万笑你碍事,负面
不哭不哭，挺心疼你们的，要忍气吞声的,负面
[允悲],正面
你是不是妹妹[doge],正面
商k[允悲],正面
又想当bz，又想立牌坊[doge],负面
想又当又立吗,正面
感受过，非一般的体验 http://t.cn/A60H58jn,正面
38℃气温，怕了怕了，还是在家香,负面
好热 这个天,负面
看着天气好舒服，昨天宅家一整天,正面
这天气不错，没有大太阳,正面
北海公园,正面
玩的开心,正面
惬意,正面
惬意[送花花],正面
此微博被“北京同城”用户多次点击互动，帮更多小伙伴发现本地新鲜事和打卡地 。http://t.cn/A6yZypDg ,正面
为什么不在网上买。线下便宜？[挖鼻],负面
早就不用苹果很多年,正面
[喵喵]确实西单那个苹果店铺，上来就给你洗脑让你换新手机。,正面
教育优惠吗[挖鼻],正面
他们说不给优惠的原因是什么？,负面
兄弟，你费那劲干嘛，不给开发票，直接投诉税务局，特别管用[嘻嘻],负面
啊？现在变这样了？以前去感觉还不错的呀……,正面
态度不好还不给优惠最后你还买了，然后店员也是在官网下的单，那为啥不当时就走自己去官网买呢，何必受这鸟气。,负面
其实哪个品牌都缺你这样的用户…,负面
SKP店比这家好太多，这家整体风气极差，店员心术有问题，个别领导有不错的。去过几次，一点儿没瞎说他们！,负面
拉横幅,负面
早不用它,负面
跟那个品牌关系不大，都一个鸟样，直接网上买不香么，除了一些奢侈品基本不去商场买东西了,正面
为什么这样对你，还要在那消费，,负面
直接扭头走呗，还给他们那消费？,负面
朝阳大悦城女员工也是，嫌弃我的眼神。,正面
不给人家优惠，还拉着人家，你们这些员工是什么心理？仇富？,负面
换一个店……,负面
少女一般的姐姐，好美[鲜花],正面
古相思曲，推荐姐姐看看,正面
漂亮！[送花花][送花花][送花花],正面
此微博被“北京同城”用户多次点击互动，帮更多小伙伴发现本地新鲜事和打卡地 。http://t.cn/A6yZypDg ,正面
美[喵喵],正面
这是要做啥？？,负面
拍照拍视频。拿把铲子开始干得,负面
人在家就在[加油],正面
[抱抱][抱抱][抱抱],正面
先收拾收拾，杀杀毒，后期再装修捯饬一下吧，感觉还可以住[抱抱],负面
拆了，搭个帐篷也要住。艹了。,负面
清零了,正面
[抱抱][抱抱][抱抱],正面
五个人凑不出来一个完整的皮,负面
盘丝洞[允悲],正面
好辣好辣,正面
你最辣🌶,正面
真是越来越瘦了，更瘦了,正面
没一个善茬[允悲],正面
真火辣,负面
蒋老师好～ 纹身的小姐姐有微博吗,正面
好喜欢啊[心][心][心],正面
[心],正面
好久不发ins了,负面
美，纹身,正面
好看,正面
有多少人想要黑唇美女微博[偷笑],正面
哇 第一次刷到时我还没孩子呢[污]，现在孩子9岁了，还是单身好,负面
都喝酒，需要司机吗？,负面
好美 都好有特色,正面
你最美,正面
姐妹们微博有吗[笑cry],正面
大运会期间 哪个商 k 还开着？麻烦告诉我,负面
妹妹抽着你的烟 喝着你的酒 感情就到电梯口,负面
商k不拍照。,正面
妹妹：踏马的又来个穷批 就给这点比小费 还假装一副正人君子的模样,正面
女孩子去商k还是有点尴尬的,正面
那妹妹是强迫干的，不还是自愿的吗,正面
妹妹哭了？ 妹妹握着手里的小费 牙都笑掉了,正面
[doge]人家只是为了赚钱，一个月好几万呢[doge],负面
18岁干商K的妹妹可爱？哈哈哈,正面
这你应该就把事说完，结账走人。不用陪着了。多尴尬啊，再说你们没有男的么,负面
玩归玩闹归闹KTV里别拍照,负面
忽然想起了张雪峰说的那段话,正面
笑死，妹妹日入上万笑你碍事,负面
不哭不哭，挺心疼你们的，要忍气吞声的,负面
[允悲],正面
你是不是妹妹[doge],正面
商k[允悲],正面
又想当bz，又想立牌坊[doge],负面
想又当又立吗,正面
感受过，非一般的体验 http://t.cn/A60H58jn,正面
38℃气温，怕了怕了，还是在家香,负面
好热 这个天,负面
看着天气好舒服，昨天宅家一整天,正面
这天气不错，没有大太阳,正面
北海公园,正面
玩的开心,正面
惬意,正面
惬意[送花花],正面
李飞为了他们三不尴尬，叫了三十多个人跟他们一起尴尬[偷笑][偷笑][偷笑],负面
救命我要笑晕过去了,正面
。主要是我们也认不清，不是我们不给他族谱说我们也认不清啊。那右上角的那几个我真的不认识啊。（别喷喷，就是你对。）,负面
演唱会别让我看到其他人谢谢[太开心],正面
王俊凯：鑫鑫啊介绍一下二代 丁程鑫：鑫鑫啊介绍一下三代啊 邓佳鑫：鑫……朔朔啊介绍一下四代吧,正面
你就站在冠军的位置上，我去帮你买几个橘子,正面
王源小哥哥,正面
这个世界乱糟糟的，而你干干净净，可以悬在我的心上，作太阳和月亮。,正面
我想用萤火虫来点亮青春路上的一盏盏灯,正面
做一个温暖的人，浅浅笑，轻轻爱，稳稳走。,正面
♥🌈Sweet☻ ฅ*•ω•*ฅ♡ 拼拼凑凑の碎片🧩,负面
别人开心死了，我的开心死了,负面
强身健体，坚持到底，迈开双脚，香辣腿堡,负面
无人问津的日子里我在努力🆙,正面
愿时光能缓，愿你笑靥如花💖,正面
揣着一口袋的开心🍓满载而归☀️,正面
🐾一路涉足，一路留恋，依旧前行,正面
精致的皮囊千篇一律，有趣的灵魂百里挑一，真羡慕你有这样一个百里挑一的爱你的人！,正面
宇宙中的一颗星星✨ 都不及你的眼，因为因为你眼中有星辰大海,正面
老来多健忘，唯不忘相思,正面
王总，苍兰诀放饭大师，一周年快乐[哇],正面
诀子 一周年快乐！要一直走下去,正面
我去[泪][泪][泪][泪][泪][泪][泪]还有没看过的！！！,正面
苍兰家族yyds！！！😈♥️🌸 http://t.cn/A60HErWS,正面
小恒星回来看我们了[心][心][心],正面
一周年快乐[泪],正面
唯一能让我六刷的剧,正面
栩宝放饭了[泪][泪][泪]一周年快乐啊,正面
苍兰诀一周年快乐[悲伤]！,正面
一周年快乐宝贝，希望明年你们还在,正面
开始怀念了[苦涩][苦涩][苦涩][苦涩]已经n刷,正面
苍兰诀开播一周年快乐[锦鲤附体][锦鲤附体][锦鲤附体],正面
谢谢你好心人！！！,负面
苍兰诀一周年快乐[泪][泪][泪][泪],正面
一周年快乐[泪],正面
刷了九遍了谁懂[泪],正面
一周年快乐[赢牛奶][赢牛奶],正面
謝謝你們帶來美好的蒼蘭訣，永誌不忘的2022年夏天，一周年快樂！[爱你],正面
哇哇哇 苍兰诀一周年快乐,正面
一周年快乐[泪][泪],正面
给我猪猪干懵了[笑cry],正面
小机器人代码错乱了,正面
哀莫大于心死哈哈哈哈,正面
头头： http://t.cn/A60YaHzj,负面
头：天塌了,负面
宝宝CPU都给干烧了[允悲],正面
崩溃 怀疑人生,负面
宋亚轩：[哆啦A梦害怕]啊？为沈磨？？,正面
小笨猪,正面
太可爱了宝宝直接人傻了,正面
宝宝：重启中,负面
哈哈哈哈哈哈哈哈哈哈始终无法相信,正面
我真的生气啦💢,负面
尊嘟假嘟,正面
小头：我此刻人是懵逼的,正面
数字人cpu缓冲中……,正面
呵。,正面
[怒][怒][怒],负面
哈哈哈哈怀疑人生,正面
复活的谁呀,正面
来源 http://t.cn/A60luWKQ,正面
有个显眼包露🍊🌹抢镜，小心挨揍哦[doge],正面
诶嘿 http://t.cn/A60ldGKx,负面
狗生の诗和远方,正面
柴生是旷野,负面
好的宝宝 人生是旷野,正面
人生是触摸过很多小狗耳朵，一场美丽的体验,正面
哇！什么时候天气凉快点，我要立刻去没有屋顶和墙壁的地方,负面
旅行柴发来明信片啦！[抱一抱],正面
旅行小柴🐸,正面
好治愈[给你小心心],正面
宝宝们，祝福你们[抓狂],正面
好乖啊,正面
小狗和未来,正面
狗生[哈哈],正面
人生赢家[打call],正面
好可爱呀，坐排排,正面
旅行小柴可以给我带明信片吗？[doge],正面
小柴排的挺整齐,正面
好喜欢这种,正面
清爽大帅哥,正面
哇塞好帅[哇][哇][哇],负面
原来是笑了的，只是没放笑的图[doge],负面
TFBOYS明天见🧡🧡🧡TFBOYS明天见🧡🧡🧡TFBOYS明天见🧡🧡🧡TFBOYS明天见🧡🧡🧡TFBOYS明天见🧡🧡🧡TFBOYS明天见🧡🧡🧡TFBOYS明天见🧡🧡🧡TFBOYS明天见🧡🧡🧡TFBOYS明天见🧡🧡🧡TFBOYS明天见🧡🧡🧡TFBOYS明天见🧡🧡🧡,负面
真想知道用啥办法，才能长这么好看…@TFBOYS-王源 #与王源十年璀璨共往# ,负面
圆圆美貌强势冲击💚,正面
[打call][打call][打call][送花花][送花花][送花花]王源真的太帅了，激动，期待明天的源哥,正面
大帅哥[哇],正面
谢谢星姐给我纯净版💚💚#与王源十年璀璨共往# ,负面
期待原创歌手王源的舞台！[haha][haha],正面
王源老公好帅好帅好帅啊啊[舔屏][舔屏][舔屏][舔屏][舔屏][舔屏][舔屏]💚@TFBOYS-王源,负面
小漂亮[悲伤],正面
天呐 怎么这么可爱 想rua,正面
王源的帅，啊！不得了,负面
王源真的很好看，越看越舒服那种[太开心],正面
王源最棒的[good][good],正面
啊啊啊啊啊啊王源好帅[泪][泪],正面
楞个帅[送花花][送花花],正面
王源好帅,负面
呜呜呜我的小绿,正面
真的会因为演了一个剧就对她有敬意吗[允悲],正面
怎么知道妈祖同不同意？礼貌求问,负面
福建人是不是特别信妈祖,正面
再信又怎么样，重男轻女重灾区，真讽刺,正面
怎么知道妈祖同不同意啊（真的想知道，如果有冒犯到很抱歉）,正面
我在抖上看到的段子，福建人出国不需要签证，直接问妈祖，妈祖同意马上就上船[允悲],正面
本来ylq就很信这个，请示肯定有的,负面
央视有一个台经常播她的妈祖,正面
我看有网上说福建富商因为刘涛演了妈祖有滤镜，很喜欢投资她的剧，还很好过审[开学季],正面
妈祖这剧好看的,正面
看到一个评论“妈祖不说话就是同意了”[允悲],正面
营销还带神反正自己掂量,负面
关晓彤也演过妈祖啊,负面
怎么同意的啊……,负面
嫌疑人：我没有偷 法官：你对妈祖发誓 嫌疑人：是我偷的,正面
原先西游记演观音菩萨那个演员原先不相信，后来演的过程中只要碰上她原本下雨也会天空放晴，这些都是神明允许的,正面
[笑cry]这事是真的，她当时确实请示过能否演妈祖,负面
台湾那个演妈祖的也是请示过妈祖的,正面
但是她真的演得很好，在外剧我是不喜欢她的，后来看妈祖的时候就觉得除了她很难有人适合了,正面
看到妈祖我必先拜🙏神灵保佑,正面
璟，你自己加油吧！ http://t.cn/A60WTUFW,正面
去小六那哭一下[开学季],负面
图片评论 http://t.cn/A60WTb9e,负面
可怜的小狐狸 http://t.cn/A60WT4Fk,正面
超级可爱哈基米[舔屏][舔屏][舔屏],负面
哈基米神识小狐好可爱！！！ http://t.cn/A60WTVf7,正面
宝宝 让大眼也给你制定小狐狸emoji好不好[毛球],正面
是你派去哄老婆的吧 我们夭璟天下第一好[苦涩],正面
我在家等你呢,正面
你记住你是官配，别管 http://t.cn/A60WTbvQ,负面
没事你老婆会亲亲你 抱抱你 鼓励你[爱你][爱你][爱你] http://t.cn/A60WTbod,正面
涂山璟的手办[允悲][允悲][允悲] http://t.cn/A60W3BQw,正面
哈哈哈宝宝你要可爱死我了[哈哈]我的互联网哈基米[哈哈] http://t.cn/A60WTVKk,正面
和小夭一起[舔屏],负面
涂山璟的小狐狐长得跟邓为一模一样 http://t.cn/A60W3dfe,正面
呦呦呦呼叫小夭,负面
小夭最喜欢狐狸尾巴了，她一定会去见你的 http://t.cn/A60WEsgt,正面
我亲死你！！！！！[微笑][微笑][微笑],正面
绝对亲养的[哈哈] http://t.cn/A60lGPrc,负面
讨厌回家的宝宝 http://t.cn/A60Wn7Xe,正面
李羲承概念核心符曲灵魂 http://t.cn/A60lsiLm,正面
全能𝑨𝑪𝑬&𝑪𝑬𝑵𝑻𝑬𝑹李羲承❣️带你领略什么叫💥【真金白银&泛人气双𝗧𝗢𝗣】💥蝉联队内中暑断层第❶马来虾皮全平台及菲律宾三平台单封售罄速度队内第❶团代BENCH单链销售量队内第❶推特综合数据队内第❶热趋国趋世趋数量均队内断层第❶符1没有对家只有下家🤭 http://t.cn/A60lsaLW,负面
🦄️𝑻𝑶𝑷&𝑪𝑬𝑵𝑻𝑬𝑹 | 符钓符神颜李羲承💜mini4个人中输队内断层第1⃣️马来虾皮全平台单封及线下三家特典All Kill♎️达成队内第一且唯一售罄😈菲律宾市场三家代GO个人单封快速首切🔮BENCH菲律宾时尚品牌销量冠军🙆‍♀️真金白银大TOP下家少碰瓷🥳 http://t.cn/A60ls65d,负面
🦄️𝑻𝑶𝑷&𝑪𝑬𝑵𝑻𝑬𝑹 | 符钓符神颜李羲承💜mini4个人中输队内断层第1⃣️马来虾皮全平台单封及线下三家特典All Kill♎️达成队内第一且唯一售罄😈菲律宾市场三家代GO个人单封快速首切🔮BENCH菲律宾时尚品牌销量冠军🙆‍♀️真金白银大TOP下家少碰瓷🥳 http://t.cn/A60lsJh0,负面
❣️全能𝑨𝑪𝑬&𝑪𝑬𝑵𝑻𝑬𝑹李羲承❣️带你领略什么叫💥【真金白银&泛人气双𝗧𝗢𝗣】💥蝉联队内中暑断层第❶马来虾皮全平台及菲律宾三平台单封售罄速度队内第❶团代BENCH单链销售量队内第❶推特综合数据队内第❶热趋国趋世趋数量均队内断层第❶符1没有对家只有下家🤭 http://t.cn/A60lsX9p,负面
🦄️全球𝓣𝓞𝓟李羲承🦄️线下周边全球首切😈菲律宾代言销量断层👾首尔演唱会队内唯一多国🇵🇭🇮🇩🇲🇽趋势💅🏻钢琴弹奏𝗕𝗶𝗹𝗶𝗯𝗼𝗮𝗿𝗱热榜第一💁🏼‍♀️日常直播轻松世趋🌍六条国趋🪻无需𝗞𝗽𝗼𝗽趋凑数的官𝗖你值得拥有😜 http://t.cn/A60ls9RU,正面
☄️邀您欣赏𝙃𝙔𝘽𝙀主子逆袭史☄️出道以来资源💥营销垫底却接连超车🔥 𝗺𝗶𝗻𝗶𝟰完美胜任录音指导助团顺利回归⚡️直拍数据稳中求进无需挽尊✨不会跑调躲高音的符曲灵魂🌟李羲承永远不会被岛困住🥊羲皇带你体验真正的𝐰𝐝𝐜𝐜🌈 http://t.cn/A60ls0ZI,正面
是谁Bite Me站C全场惊艳😍是谁音色优秀🎵路人都惊呼【符曲灵魂水印】❓是谁此次回归多次登上kpop趋势🤫当然都是我们【官方𝐶𝐸𝑁𝑇𝐸𝑅】梁祯元啦🎀多多期待我们小猫神以后的表现吧🥳 http://t.cn/A60lsanT,正面
🔹官方𝑪𝑬𝑵𝑻𝑬𝑹梁祯元🔹选秀堂堂正正获得🅲位出道🗳️出道至今仍是꯭日꯭韩꯭唯꯭一꯭𝗧𝗢𝗣💎不偷不抢真金白银🌟不靠词条吹假币📬用真实数据推翻谎言💠 http://t.cn/A60lsiDC,正面
是谁Bite Me站C全场惊艳😍是谁音色优秀🎵路人都惊呼【符曲灵魂水印】❓是谁此次回归多次登上kpop趋势🤫当然都是我们【官方𝐶𝐸𝑁𝑇𝐸𝑅】梁祯元啦🎀多多期待我们小猫神以后的表现吧🥳 http://t.cn/A60lsxc3,正面
符神颜朴成训 http://t.cn/A60lsMXA,正面
热帖富人朴成训📲𝘿𝘽概念预告视频一经发布即Pann实时榜第❶🌟预告照热度包揽Pann日榜娱乐板块前❷🥂同时世趋词条【高于团体】⚡️作为KBS特别𝙈𝘾🎖公司【零宣发】节目收视率依旧稳定上涨🔺绝对的高回报率韩国𝒕𝒐𝒑 http://t.cn/A60lsitq,负面
李羲承 http://t.cn/A60lsWJ3,正面
🌬️𝑲𝒊𝒎𝑺𝒖𝒏𝒐𝒐🫧𝑭𝑨𝑻𝑬 𝑻𝑶𝑼𝑹首尔场登上菲趋第二 🕊️𝑲𝑰𝑵𝑮𝑪𝑯𝑶𝑰𝑪𝑬 2023南韩视觉男偶像排行榜排名𝑻𝑶𝑷8【队内第一】🎧保姆车内画闪光灯爱心的宠粉小橡子🤍善禹的魅力我知道❕❕❕ http://t.cn/A60lsSju,正面
朴成训🫧𝙀𝙉𝙃𝙔𝙋𝙀𝙉唯一门面🫠正规一辑后喜提𝙋𝙖𝙣𝙣个人热帖𝟯𝟬+【队内断层第一】空白期无其他物料加持🎭依旧是实实在在韩网热度𝙏𝙊𝙋 🎖拥有被多次称赞的绝佳身材比例💎𝙎𝙪𝙣𝙜𝙝𝙤𝙤𝙣 𝙞𝙨 𝙥𝙚𝙧𝙛𝙚𝙘𝙩 http://t.cn/A60lsCQW,正面
谁是ENHYPEN的吸粉达人🤔当然是【唯一𝑪𝑬𝑵𝑻𝑬𝑹】梁祯元🥳每月营业率远超队友☺️签售主动夸奖粉丝🐱𝑩𝒊𝒕𝒆 𝑴𝒆有效回归舞台圈粉无数🥰不靠粉丝吹假币的真金白银【日韩𝘵𝘰𝘱】欢迎你入坑😎 http://t.cn/A60lsaEl,负面
「✨朴综星✨」开麦免检🔸𝕤𝕖𝕟𝕤𝕖精灵🔸热血笨蛋🔸百变符镜◻️𝙄𝙩 𝙨𝙖𝙮𝙨 𝙞 𝙡𝙤𝙫𝙚 𝙮𝙤𝙪🔹五代第一〖最好梦〗🔹当之无愧〖五港一〗🔹存在即𝕜𝕚𝕝𝕝𝕚𝕟𝕘 𝕡𝕒𝕣𝕥🔹让人无法忽视的耀眼星星⭐️ http://t.cn/A60lsxAC,正面
李羲承官方center概念核心符曲灵魂 http://t.cn/A60lsa0U,正面
李羲承 http://t.cn/A60lsKmR,正面
🌬️𝑲𝒊𝒎𝑺𝒖𝒏𝒐𝒐🫧𝑭𝑨𝑻𝑬 𝑻𝑶𝑼𝑹首尔场登上菲趋第二 🕊️𝑲𝑰𝑵𝑮𝑪𝑯𝑶𝑰𝑪𝑬 2023南韩视觉男偶像排行榜排名𝑻𝑶𝑷8【队内第一】🎧保姆车内画闪光灯爱心的宠粉小橡子🤍善禹的魅力我知道❕❕❕,正面
姐姐你唱歌跳舞都有不足让别人怎么办啊[笑cry][太阳],正面
其实她已经是爱豆的完成体了[抱一抱],正面
“我只要还是个爱豆，唱歌跳舞似乎就永远不会满足自己的水平。”——林娜琏,正面
明明应该填满[哼],负面
#林娜琏瓶女一# [酷] http://t.cn/A60T4kgT,负面
林娜琏六边形战士[酷] http://t.cn/A60T4lks,正面
欧尼就喜欢谦虚[哼] http://t.cn/A60T4T7c,正面
什么都可以做得很好的娜琏啊 http://t.cn/A60T48PW,正面
脸姐又谦虚了[允悲] http://t.cn/A60T4Bwk,正面
林娜琏王牌ACE[awsl] http://t.cn/A60TGGTN,负面
丫头只宠你一次[鲜花] http://t.cn/A60TE7hG,正面
林娜琏[爱你] http://t.cn/A60TbKFL,正面
出道八年🈚️黑料🈚️恋爱🈚️缺席团活动的王牌ACE脸脸呀[抱抱][抱抱] http://t.cn/A60TjDfi,正面
韩网都评林娜琏六边形女战士了。林娜琏还这么自谦[泪],正面
林娜琏瓶女一[彩虹屁] http://t.cn/A60TG4as,正面
姐[衰] http://t.cn/A60Tb3el,正面
要不然我宝是王牌ACE呢[酷] http://t.cn/A60T4jFT,正面
“我只要还是个爱豆，唱歌跳舞似乎就永远不会满足自己的水平。”——林娜琏,正面
“我只要还是个爱豆，唱歌跳舞似乎就永远不会满足自己的水平。”——林娜琏 http://t.cn/A60TqhQh,正面
林娜琏王牌ace[好爱哦] http://t.cn/A60Tq7qo,正面
三年不开锅，开锅吃三年[喵喵],负面
“朕就这样原谅了熹贵妃 会不会太娇纵了她”,负面
假料意思是我在开玩笑哈哈哈哈哈哈哈哈哈哈或,正面
快看！！ http://t.cn/A60jJC8m,正面
啥假料啊？,正面
姨姨 你到西安啦@添福宝伪阿姨助攻组,正面
啊啊啊啊 http://t.cn/A60jJpWW,正面
老子还能再来十年[泪] http://t.cn/A60jJpuc,正面
[苦涩][苦涩][苦涩][苦涩] http://t.cn/A60jiyGh,正面
姨姨看呀[泪][泪][泪] http://t.cn/A60jJNr7,正面
还有啊啊啊啊啊啊啊啊 http://t.cn/A60jJgMn,正面
我开还不行吗？我哐哐开！我变色开！我变异开！我在2023唯美盛开[跪了][跪了][跪了],负面
啊啊啊[泪] http://t.cn/A60jJ0z7,正面
啊啊啊啊啊啊啊啊啊啊啊啊啊啊啊啊啊啊啊我盛开了 http://t.cn/A60jJYuR,正面
[泪][泪][泪] http://t.cn/A60ji4Da,正面
[泪][泪][泪] http://t.cn/A60jiy0Q,正面
我只知道他们合体了啊啊啊啊啊 http://t.cn/A60jJjEE,正面
姨姨快看！他仨逛街了[打call][打call][打call] http://t.cn/A60ji7X2,正面
这个吗？[泪][泪][泪] http://t.cn/A60jJ0tr,正面
尊嘟假嘟 http://t.cn/A60jJOCe,正面
编剧，你怎么这么会写！！,负面
我最最感动的地方。。 http://t.cn/A60j3LmX,正面
这集封神，莲花楼的好看不是哪个人物特别突出，而是每个人都有自己鲜明的人物特点，就比如今晚女宅里的赤龙或者西妃，整个故事让我觉得每个人物都是活的，就像以前看港版天龙八部的感觉，每个人物都不是多余的，特别喜欢。,正面
我宣布莲花楼女宅案封神，悬疑拉满不说，被爱情友情都感动哭了,正面
女宅案太绝了 还有谁没看 女孩子们的情谊[悲伤],正面
真的好看 女孩子之间的相互救赎[泪][泪]莲花楼近期最佳,正面
看哭了，那么多姑娘失去自由那么久,正面
被最后西妃的自白说哭了，我还在想我为什么会哭，可就是很难受[泪][泪][泪],正面
每晚必追《莲花楼》[good],正面
我已经安利给我周围一堆朋友了[送花花],正面
从剧转粉，太上头了！强推啊家人们～,正面
我真的哭坏了，真的是女孩帮助女孩[泪][泪],正面
这个案子真的看得我哭[泪][泪][泪],正面
女宅这篇拍的真的好，女孩们努力自救太感人了,正面
莲花楼配享太庙[泪][泪][泪][泪][泪][泪][泪][泪]今晚不止于精彩，立意很高，结尾处简直是“正道的光”！！！！！破万破万,正面
最近三年看过最好看的剧了，谁没看过我都会伤心[悲伤],正面
悬疑风好强烈啊,正面
女孩救赎女孩，女孩帮助女孩，看哭了,正面
特别地感动[泪],正面
都给我去看最新的剧情,正面
你的频来啦！[男孩儿],正面
叽叽 也祝你生日快乐呀#白敬亭0804出道九周年快乐# ,正面
司机有没有上海苏州周边的群[打call],负面
做的真好！[good]最开始的《大本营》是哪一期？要去看看，谢谢！,正面
所愿皆所得，聚光成星河[心],正面
白敬亭：“就是觉得时间过得挺快的，转眼间已经五年过去了，如果没有这一次大家生日会的提醒，包括每一年大家的爱，其实我不太能意识到这一年一年地过去得这么快。我觉得五年算得上一个不长不短的时间，希望下一个五年，就是十年了，然后十年、二十年以后大家还能在一起过这个生日。”已经第九年啦,正面
#白敬亭0804出道九周年快乐# 我们双向奔赴[抱一抱],正面
#白敬亭0804出道九周年快乐# 九年啦，很开心你一直在通往梦想的路上～继续加油吧！@白敬亭 ,正面
#白敬亭0804出道九周年快乐# 出道九周年快乐[心],正面
😭😭泪点低..谢谢你挺过那些迷茫和低谷，谢谢你那样认真把每一个角色鲜活地展现出来，谢谢你传递的那么多正能量，白敬亭你真的值得最好的一切,正面
白鸽姐妹们生日快乐啊！祝我们九岁生日快乐！同时也祝我十八岁生日快乐啦！[赢牛奶],正面
#白敬亭0804出道九周年快乐# ,正面
#白敬亭0804出道九周年快乐# [心],正面
#白敬亭0804出道九周年快乐# 一路向前 越来越好,正面
九周年快乐[抱一抱]#白敬亭0804出道九周年快乐#,正面
回头看 轻舟已过万重山#白敬亭0804出道九周年快乐#,正面
一直都是小白的角色粉，有他的新剧总是会下意识地关注一下，看的第一部剧好像真的是匆匆那年，时间过得好快竟然都出道九周年了，希望小白之后的演艺生涯能一帆风顺，继续演更多喜欢的角色，体会不一样的精彩人生🍻,正面
#白敬亭0804出道九周年快乐# 祝演员白敬亭出道九周年快乐,正面
#白敬亭0804出道九周年快乐# 九周年快乐！我们一直在你背后！！！@白敬亭 ,正面
#白敬亭0804出道九周年快乐# 我是白敬亭 不是谁的替代品,正面
你真的！你该夸！！！,正面
哥哥[泪]太棒了,正面
老公[泪][泪][泪],正面
[打call][打call][打call],负面
啊啊啊啊啊啊啊啊啊啊啊啊啊啊帅没了给我,正面
帅死我了！！.[哇][哇][哇],正面
哥哥好棒[打call],正面
摄影师必须换，拍的什么玩意，直播那么好看，你就拍成这样？,负面
好帅[舔屏],负面
啊啊啊啊啊啊啊啊啊啊啊啊啊啊啊啊啊啊啊啊啊啊啊啊啊啊啊啊啊啊啊啊啊啊啊啊啊啊啊啊啊啊啊啊啊啊啊啊宝宝[打call],正面
宝贝好帅[舔屏][舔屏][舔屏][舔屏],正面
好好好老公,正面
啊啊啊不会有人没沦陷吧[打call][打call][打call]温柔不要太爱[心],正面
哥哥 好棒啊真的不容易 加油加油[泪][泪][泪],正面
太帅了[打call],负面
好帅,中性
直播拍的都比这个好看，乱修图啥啊[可爱],负面
[哇][哇][哇],负面
老公[悲伤][悲伤][悲伤],正面
从开始到未来只为王俊凯，就是字面上的意思💙💙💙💙💙💙💙💙💙💙💙💙💙💙💙💙💙💙,正面
你少开点大 比啥都强 别救人 对自己好点[微笑],负面
天天停业你不怕破产啊,正面
区区一个碧茶之毒，又怎能困得住我相夷太剑[春游家族] http://t.cn/A60TpGdt,正面
小花我扶你[悲伤],正面
别走了，我来接你回莲花楼[笑就对了],正面
辛苦了奖励你 http://t.cn/A60TpUfv,正面
？没钱了你要,负面
你对自己好一点吧……,正面
好的收到[doge]我已经能猜出来你下一次歇业的理由了[doge][doge],负面
花花小妹你咋天天歇业[揣手] http://t.cn/A60T0MgP,正面
没关系今天成毅替你营业了 你看这背后的中药抽屉眼熟么[doge][doge] http://t.cn/A60THhAB,正面
今天允许莲花宝宝休息[心][心][心],正面
花花，给我发个定位，我派直升飞机去接你[揣手],正面
你还剩几个月啊？[悲伤],正面
对你没有别的要求了 别开大了行不行 算我求你了 李莲花比谁都重要 你看你救的都是什么***啊,负面
对自己好点，累了就好好休息,负面
今天要好好休息呀 虽然你天天休息,正面
走不动了[悲伤]好的今天不开业[泪],正面
具体定位发一个，马上接你回来,负面
怎么又歇业[苦涩]我的相思病怕是治不好了,正面
这图我能在看十年[泪],正面
质疑王宝钏，理解王宝钏，成为王宝钏[拜拜][拜拜][拜拜],正面
原来他们是认识的,正面
“朕就这样原谅了熹贵妃，是不是有点太骄纵了她”,负面
我的眼泪不值钱[泪][泪][泪],正面
四叶草全世界最好哄[泪],正面
怎么说呢，我作为一个路人，真的就是纯路人，没黑也没关注过，但是一路看他们长大又目睹他们被人黑掏粪男孩最后唯粉撕逼各种众所周知的事之后…看到这个动图都觉得很感慨。希望这次演唱会去的人都能好好相处，留个美好的回忆。,正面
团粉真的很好哄[我来了],正面
路人看了会感动的一笑,正面
质疑王宝钏，理解王宝钏，成为王宝钏，超越王宝钏 [跪了][跪了][拜拜][拜拜],正面
真的泪目[泪],正面
一觉醒来，王宝钏都被挤下去了[悲伤][悲伤][悲伤][悲伤],正面
@爆汁生煎包h 我就说追星人最好哄,负面
前几天哭着要脱粉 今天又马上被哄好了,负面
我哭[泪],正面
@飞弛少年_ 团魂又要燃起来了[泪][泪][泪],正面
打破传闻！他们仨认识！,正面
我还能再战十年[悲伤],正面
@企喘嘘嘘,正面
仨人一笑我年轻三十岁,正面
嗯嗯嗯 你拉下脸求他们仨续约没？我跟你和解 你去求一下？,负面
可是时间还没到[泪]就公开了,正面
和解了[苦涩],正面
十周年快乐！,正面
嗯嗯嗯嗯嗯嗯嗯嗯谢谢你 我那个专辑喊他们三个人给我送来谢谢,正面
你没资格说这话[爱你],负面
你凭什么可以截屏（bushi）[doge],负面
不是姐妹你这头像ID看了让人差点想开🐴 了[喵喵],负面
十周年快乐,正面
[苦涩][苦涩],正面
时间过去了，十年之约,正面
啊啊啊啊啊啊，一年级就开始追了[泪][泪]快8年了[泪][泪],正面
呜呜呜呜十周年结束了,正面
[泪][泪][泪][泪],正面
会一直在一起[打call],正面
演出顺利,正面
演出顺利啊,正面
[泪],正面
演出顺利,正面
错过了落日余晖，还可以期待满天繁星,正面
春光正好，在你眼里，你在我心里,正面
都说人不如故，这些所谓故人真是小人行径，远不如新人信他爱他护他。,负面
刷莲花楼的视频我都快精神分裂，上一个视频笑得合不拢嘴，然后刷下来就是这种想哭的。笑容收不住，眼睛想尿尿[允悲],负面
我我我我我！！！看到他骑马狐狸精跟着他了！他没有丢下狐狸精！！！！可是狗跟着马跑不会累死了吗？李莲花，我真的哭死，抱起来行吗？是不是就不帅了[泪][泪][泪],正面
狐狸精以后是要交给方小宝了吗,正面
李相夷出场自带霸主气质，决战之巅，东海之滨，少年门主，但场景一变却又是李莲花被人打倒在饭桌上，上一秒霸气侧漏，下一秒就孱弱不堪，到底怎么一回事？,正面
这也算不得是剧情，以前沉香的时候天天好多发剧情走向的，都是根据预告或者片头片尾镜头猜的，后面其实并不是那个走向,正面
背景音乐叫什么名字,正面
@云朵缠住了脚丫k,正面
啊，想哭,正面
十载光阴始寻踪，余生岁月且从容！花开见佛性，折了少师，隐了吻颈，梦一个安然烟火之间，今年不想吃李莲花的席！[泪][泪][泪],正面
莲花楼超级好看！很值得！,正面
这部剧就叫莲花楼吗,正面
扔剑好帅[允悲],正面
有没有比帅更帅的词了，无以形容哥哥的帅,正面
我就希望最后牵马走那里是大结局，他没瞎，没残，没痴傻,正面
演的真好成毅演的特别好,正面
一生短暂李莲花你真的让人敬佩,正面
明月已获沉西海，悲风何处崔八荒,正面
图片评论 http://t.cn/A60O2NnQ,负面
这什么？小猫！亲一口！这什么？小猫！亲一口！这什么？小猫！亲一口！这什么？小猫！亲一口！这什么？小猫！亲一口！,正面
图片评论 http://t.cn/A60OLsfy,负面
天呢芭比猫猫,正面
图片评论 http://t.cn/A60OLqEF,负面
网恋受过伤，下乡插过秧，为爱跳过嘉陵江，看了se老师的作品抚平我所有悲伤[泪][泪][泪],正面
芭比猫猫！！！,正面
图片评论 http://t.cn/A60O2psz,负面
Life! It never dies! Women are my favorite guy!,负面
可爱,正面
se师[泪]好想你[泪],正面
←←[赞啊][赞啊]来这里,正面
this Barbie is staying at home and playing games哈哈哈哈哈哈哈哈哈哈哈哈哈哈哈哈哈哈哈哈哈哈,正面
宝宝我亲一口[可怜],正面
@黑发蓝瞳猫猫厨-,正面
神！！！！！ http://t.cn/A60O2H9f,负面
芭比研！,正面
啊啊啊啊啊啊啊啊啊啊啊啊啊啊啊啊啊啊[泪]好美啊宝宝,正面
图片评论 http://t.cn/A60OL5cE,负面
太会画老师[泪],正面
说好了哦[奥特曼]卡给我[奥特曼],正面
全场消费李总买单是吗[哈哈],负面
必须疯狂刷，谁让你都不评论我[doge],负面
李总的产业又多了一个[馋嘴],正面
水哥升级变卡哥,正面
可大的一个提示，仅限本人使用[doge],负面
#闪亮的日子# 上周还是粉刷匠，这周竟摇身变咖啡店股东，让我们跟随@李鑫一Rex 的步伐，祝2333咖啡店 开业大吉🎉 ,正面
下次消费也刷你的卡行吗[喵喵],负面
尊嘟假嘟[doge],正面
我我我我我我是不是也得消费点啥,负面
卡哥你好 [可爱][可爱][可爱],正面
卡哥你没回复我我使劲刷,负面
还得是李总[喵喵],负面
仅限本人使用！你带我们去[doge],正面
都可以买什么[doge][doge],正面
仅限今天嘛[泪][可怜],正面
终身VIP行不行[喵喵],负面
消费消费咔咔刷李总的卡[彩虹屁][彩虹屁][彩虹屁],负面
哥哥 我是乖孩子 我把卡留给你 包送我吧[阴险],正面
包包借粉丝背背行不[doge],正面
这是什么节目啊？,负面
才华横溢的战[鲜花],正面
超喜欢,正面
哈哈 好可爱的肖战~,正面
哥哥高情商#肖战# ,正面
超级喜欢的临场发挥，腹有诗书气自华的展现#肖战# ,正面
#肖战[超话]# 肖战言之有物，有思想，有内涵，长得还这么好看[哈哈][哈哈],正面
肖战好帅啊[舔屏][舔屏][舔屏]@X玖少年团肖战DAYTOY #肖战时影#,正面
肖战作文一定是高分[打call],正面
[送花花][送花花],正面
肖战的反应能力太厉害了，每一次都能言之有物的表述，这是我非常佩服的#肖战# ,负面
这一段震惊我了，超高水准的评价,正面
肖战的每次采访都言之有物[心][心][心],正面
[抱一抱][抱一抱]#肖战#,正面
才思敏捷，大大的优秀[good],正面
他说：创新跟经典相结合，碰撞出新的经典流传下去。 他说：没办法限定演员的黄金年龄，每个年龄段都有独特的魅力，而且是不可取代的魅力。 他说：要创造自己的价值，非你不可的价值！,正面
我们的歌第一季封神[打call],正面
才思敏捷的肖战#肖战#,正面
#肖战# ,负面
肖战，你是可以照亮流浪灵魂归途的北极星,正面
发现地震，竟然没有一个本能站起来要离开的动作，三个人本能的反应竟然全都是要拦停列车。就我都不知道该怎么表达对他们的敬意,正面
辛苦了 愿平安,正面
半夜两点突发险情，调度就迟疑了五秒。立刻有序进行拦截，绝对训练有素。,正面
调度工作人员辛苦了！,正面
看着好揪心。愿一切安好[心],正面
[赞]已经深到骨子里的反应。这才是负责任的态度。,负面
工作人员认真负责，点赞👍🏻愿鲁鲁平安[心],正面
反应迅速，职业素养[good][good],负面
只希望乘客别为难又闹晚点了[允悲][允悲],正面
祈祷国泰民安，山河无恙🙏🙏🙏🙏🙏🙏,负面
我们小县城巴掌点儿大的老火车站……[苦涩][苦涩][苦涩],正面
反應迅速！！[赞][赞][赞],正面
当时大地晃来晃去还响得和打雷一样，真的很恐怖，但他们没有想着去避难，好勇敢[泪],正面
第一反应不为自己为大家，他们是值得敬佩的人[good],正面
调度工作人员辛苦了！！[抱抱][抱抱][抱抱],正面
忠于职守在这一刻表现的淋漓尽致[赞],正面
其实平时上班的时候 运转室更严谨 我们铁路上的规章制度很多的 坐在这个位置上的是值班员 他们一般一个班都要高度集中注意力的 真棒👍 为我们铁路上骄傲,正面
辛苦了 这么晚还要时刻准备着,正面
祈祷国泰民安，山河无恙！！！🙏🙏🙏,负面
辛苦啦[泪][泪][泪]这么多年,正面
"非粉,但是真的好感动啊…………希望他们合体也希望他们可以在现在的基础上都好好发展……总之希望都越来越好,希望他们开心,多好的三个人啊,怎么舍得啊🥺🥺🥺🥺最后的最后希望TFBOYS每个人都奔向自由找世界也找到更好更快乐的自己,四叶草们也是！🥺🥺🥺🥺🍀🍀🍀🍀[心][心]",正面
辛苦了,正面
辛苦了[作揖],正面
“莫愁前路无知己 天下谁人不识君”火到大街小巷大红大紫了 你们辛苦了[泪],正面
辛苦了,正面
辛苦了[泪][泪],正面
辛苦啦,正面
辛苦了这么多年[泪],正面
辛苦啦,正面
辛苦啦[心],正面
十年与你们同乘，一起开启下一个十年,正面
大家要一切都好[抱一抱],正面
辛苦了,正面
辛苦了[泪],正面
辛苦了,正面
辛苦了,正面
幸苦了,中性
辛苦了,正面
辛苦啦[雪糕],正面
我要我要i do[哇][哇][哇],负面
娶我谢谢 http://t.cn/A60WCZ8M,正面
天哪，我好想嫁[抓狂][抓狂][抓狂],负面
感谢相遇，不问过去，放眼未来，一路前行，披荆斩棘，无所畏惧。肖战未来可期，平安顺遂！我喜欢肖战  @X玖少年团肖战DAYTOY,正面
我要跟肖春生[舔屏][舔屏][舔屏][舔屏],正面
#嫁人当嫁肖春生# ,正面
#嫁人当嫁肖春生# ,正面
人生追求目标#肖战肖春生# [努力][努力][努力][哈哈][哈哈][哈哈],正面
#肖战肖春生# xz#嫁人当嫁肖春生# xz#梦中的那片海# ,正面
肖春生太迷人了[舔屏],正面
在看#肖战肖春生# xz#肖战梦中的那片海# ,正面
肖春生@X玖少年团肖战DAYTOY 就是最有魅力的爱人，谁不想一家一春生啊[爱你][爱你][爱你],正面
怎么能不被肖春生的魅力所迷倒[憧憬][憧憬],正面
迷到了[哇],中性
#嫁人当嫁肖春生# ,正面
#肖战顺毛白背心# 你与明月清风一样，都是小小宝藏@X玖少年团肖战DAYTOY,正面
[抱一抱][抱一抱][抱一抱],正面
娶我[泪],正面
让开，让我来,负面
肖春生太迷人了[舔屏],正面
是一种自己快要溺死在深水里 突然被一双手扶起的恍惚 好像有了“再活一次吧”的错觉。,正面
“不要因为结束而遗憾，要因为它发生过而高兴”[泪],正面
1047天的杳无音信用一张背影合照和一首歌就能哄回来什么程度[泪],正面
感觉自己真好哄[苦涩]之前还嘴硬呢心死如灰了，看见一张合照就死灰复燃了,负面
不要难过 人生不就是活在几个瞬间里吗,正面
谁知重逢还是别离,正面
“多希望这一刻是永远”💦,正面
感谢你们的出现 让我期待永远[淚],正面
嗯嗯！,正面
是真正的久别重逢[泪],正面
听到他们的live版，都变成了一种错觉，谁知道我今天早上听到的时候激动了多久[泪][泪][泪]，我还能再爱他们好久好久,正面
就像海面上托起你又随时有可能溃散的浮板,负面
每次坚定的说十周年后就跑路，但是一张合照一段新歌就能紧紧的困住我//@璐酱呐啵:是一种自己快要溺死在深水里 突然被一双手扶起的恍惚 好像有了“再活一次吧”的错觉。,正面
天知道我有多爱他们的和声[跪了],正面
我走在路上哼起最好的那年，句句落泪[裂开][裂开][裂开]我真的死了,负面
我们真的 特别特别好哄//@晚月漫星海w:1047天的杳无音信用一张背影合照和一首歌就能哄回来什么程度[泪],正面
人生第一次买实体专[泪][泪][泪][泪][泪]给他们了[泪][泪][泪],正面
你们的十年又何尝不是我们的十年.,正面
如果非要选一个时间点定格，我想是他们我们见面的那一刻,正面
谁能懂[泪][泪][泪]一直不希望最后一首出现 不出现就不会结束,正面
杨紫演技[泪][泪][泪][泪],正面
啊啊啊啊啊杨紫演的太棒了[泪],正面
杨紫好牛啊,正面
杨紫爆发力[good],负面
爱了张晚意杨紫[送花花],正面
紫姐演技牛的[作揖],正面
永远可以相信杨紫的演技[good]，最好的小夭[泪],正面
演的太好了[泪],正面
这真是名场面，好震撼，杨紫[666][666][666],正面
冲着这演技 夭玹就是最牛逼的,正面
这里真的是好紧张的氛围啊，看着至亲的人命悬一线声嘶力竭拼尽全力想要挽救。眼睛都冲血了，真的演的好好！,正面
学霸飙戏[泪][泪][泪]北影师姐弟冲冲冲,正面
“横店电瓶车兄妹的嘶吼 响彻上空”[悲伤]小夭对哥哥永远以命守护……夭玹的宿命感太强[苦涩]防风邶的眼神，了然于心……这一段，三个人的飙戏太过瘾！,正面
这里看哭了，演技真是好，这才是真正的哭，眼睛里都是红的,正面
你可以永远相信杨紫的演技，杨紫小夭演的太好了,正面
檀健次，你笑自己心软[苦涩],正面
张晚意玱玹 杨紫小夭 两位老师这一段演得好棒[抱一抱]宿命感拉满[泪][心],正面
今晚被夭玹深深震撼[泪][泪],正面
张晚意演的太棒啦，好爱他,正面
#张晚意好会演# 呜呜呜呜呜呜呜呜,负面
吓成这样吗[思考] http://t.cn/A60TEgxs,正面
不敢看[污]你陪我看[污],负面
你在飞机上看电影，我在飞机上看你的演唱会视频～明月装饰了你的窗子，你装饰了别人的梦。,正面
哥哥你好帅 http://t.cn/A60TEdpE,正面
小苏眼睛亮晶晶 藏着许多小星星 醒目夸你多听听 才貌双全小醒醒 [哇][哇][哇] http://t.cn/A60TEdI9,正面
好，我今晚也来看看，看能不能吓到我！[加油][加油][加油]我胆子超大,正面
我害怕 你陪我看[悲伤],正面
飞机上的影评博主你好 http://t.cn/A60TEeOP,负面
这是恐怖片嘛 好看不 吓人的点多不多@裂哥Splitman,正面
好嘞收到[抱一抱],正面
算是[喵喵]用词还挺到位,正面
大家都还在哭唧唧的时候你已经在看恐怖片消遣了，不愧是你,正面
没看懂但爱你[憧憬],正面
啧，换一部吧，有点吓人[doge],正面
你可以陪我看吗,正面
好的 这就去看,正面
[哆啦A梦吃惊][哆啦A梦吃惊][哆啦A梦吃惊],正面
你缓过来了吗 我还没有[失望],负面
[泪][泪][泪]不敢看啊，裂哥能不能陪我一起看[doge],正面
好的[鲜花][鲜花][鲜花]有时间去看,正面
太好听了[泪],正面
小火炬秒了[泪][泪][泪],正面
原创歌手就是牛[打call],正面
歌手王源🐮[舔屏][舔屏],正面
火炬太炸了！,负面
有作品就是了不起！！,正面
不要太燃太太好听了好吗[哈哈][哈哈][哈哈],负面
小火炬真的太燃啦！！！,负面
太燃了[抱一抱][抱一抱][抱一抱],正面
超帅啊啊啊啊啊！,正面
我源真的帅炸了[打call][打call]💚💚,负面
原创歌手燃爆西安,负面
现场听的  王源牛逼[舔屏],负面
真好听,负面
好燃,正面
不愧是真正的歌手[握手],正面
太爱小火炬了,正面
好燃,正面
还得是源,正面
真的是客厅狂欢西安场,正面
我看谁还说王源最喜欢的不是绿色[哆啦A梦害怕]品牌方都只会送绿色的花篮,正面
图片评论 http://t.cn/A60YNBa4,负面
这个也算吧[doge] http://t.cn/A60Yp9Bu,正面
[抱一抱] http://t.cn/A60YNdfr,正面
那会看到的不知道是哪个[猪头][猪头] http://t.cn/A60Ypz9Y,负面
🍠看到滴 http://t.cn/A60YN1yD,负面
绿色真的好看养眼[送花花]绿色就是唯爱王源的意思吧[馋嘴],正面
每个人都知道王源只喜欢绿色💚💚💚#与王源十年璀璨共往# ,负面
好多不知道的哎  一些王总的朋友圈,正面
这里又一个 http://t.cn/A60Yr5wq,负面
美年达[羞嗒嗒] http://t.cn/A60TU2PE,负面
盗火者很上道[赢牛奶],正面
合作伙伴品牌方都送的绿色应援，看看谁还在洗脑王源想看橙色的？,负面
哈尔斯和溪木源也送了,正面
来了roy6 http://t.cn/A60TMjDt,负面
唯爱绿色,正面
排面[哇],中性
加1⃣️ 小美[打call][打call][打call] http://t.cn/A60TVtY2,负面
#与王源十年璀璨共往# 最爱绿色[哇],负面
明天小汤圆送绿海,负面
扫地机小夭[喵喵],负面
杨紫小夭 http://t.cn/A60li4oh,负面
好美！小夭！最爱秋千上的小夭！快乐的小夭[抱一抱] http://t.cn/A60li5kX,正面
小夭[悲伤]今天只有一集了[悲伤][悲伤][悲伤][悲伤]这个星期见不到你了[悲伤],正面
杨紫小夭,负面
王姬[爱你][爱你][爱你][爱你] http://t.cn/A60liLa6,正面
夭玹绝美[彩虹屁][彩虹屁][彩虹屁] http://t.cn/A60li50i,正面
小夭牌扫地机哈哈哈哈哈哈哈哈哈哈哈哈哈哈哈哈[允悲][允悲][允悲][允悲][允悲],正面
夭玹仙品[求关注][笑哈哈] http://t.cn/A60liCF3,正面
小夭[心],正面
杨紫小夭,负面
夭玹批来了[哇][鲜花] http://t.cn/A60li8c7,正面
夭玹上大分[打call][打call][打call],负面
杨紫小夭 http://t.cn/A60lixDh,负面
全世界最好的玱弦哥哥，小夭你回头看一看，玱弦哥哥啊[送花花][送花花],正面
小夭王姬 我给你推秋千 http://t.cn/A60liXnW,正面
多来点夭玹花絮，多剪些夭玹高光视频，好好宣传我们女主和男主@电视剧长相思 http://t.cn/A60liNcl,正面
这一切都是夭玹该得的 男女主就是男女主[舔屏] http://t.cn/A60l6Ako,正面
杨紫小夭[心],正面
好有安全感的玱玹呀[求关注],正面
我16:43接到你们上班，16:53接到钎城下班，你们原来在10分钟内还见了个面啊,负面
好看，多发[打call],负面
小🍑要赢[爱你],正面
啊啊啊啊啊啊啊我们家的两宝,正面
小桃刀我🥺,正面
小桃好会发[泪][泪][泪],正面
我们射辅[泪][泪][泪]要一起努力啊！！！,正面
我最好的下路双人组[泪][泪][泪],正面
李小龙今天好好打！我们小周也要加油～期待赛场相见,正面
你俩现在见面怎么总有一种羞涩感[疑问],正面
小桃爱了[抱一抱],正面
我的射辅[悲伤],正面
干嘛，这是一眼万年吗[doge][doge][doge],负面
小桃别刀了[泪][泪]你们也要加油啊!,正面
好好叙叙旧报报仇（bushi[左哼哼],负面
爱了小桃，比赛加油[赢牛奶]还有我们蜜雪冰城超甜,正面
刀子[苦涩][苦涩],正面
爱你，小🍑！！！🐷🐉会面！,正面
会拍，多拍，爱看[亲亲],正面
喜欢坦坦荡荡真诚的友谊[单身狗][泪],正面
看店家的意思，以为放了一斤车厘子委屈的不行，一看只放了三个[笑cry],负面
作为同行，我表示，这次我站顾客。顾客花钱买的是顾客喜欢，不是你喜欢。,负面
你是不是理发师转行？,负面
万一顾客就是冲着有金球球去的呢，万一顾客车厘子过敏呢[开学季]不在其职不谋其责[开学季]瞎好心之前先想想自己这个好心别人需不需要，这么会想你不要命啦[开学季],负面
顾客在底下留言了，她定这个蛋糕打算送男孩子的，结果给她放了什么马卡龙，车厘子之类，完全两模两样，然后跟店家也协商好了赔50，没想到店家反手就挂在小红📖[怒]想让人网暴她,负面
顾客又不是没花钱 自己明码标价不行吗 还总觉得自己亏了,负面
没按照顾客的要求来做你还有理了？,负面
但明显颜色和氛围感就不一样呀,正面
明显就是图二好看很多 而且你做生意得按客人的心意来,正面
。。。不看好，一股廉价感，就放了三颗车厘子，还以为是三十颗，配色乱七八糟，为什么不直接按顾客的图做？毛病,负面
估计你的生意会越来越做不下去，做生意的跟客户沟通不畅还做什么生意！,负面
拜托，不要做感动自己的事好吗？,正面
说句实话你别不高兴哦 我更喜欢顾客那个 看着比你的舒适,负面
虽然但是，我就是很讨厌自作主张的店家，我上次买花根本不按我的图片来[泪]明明跟我说上面的东西都有的，要不是我在旁边制止住了,负面
还以为多少车厘子…整颗的还能切开…服,负面
人家是想要个看起来贵气点拍照片好看的……你这个拍出来只能配“今天嘴馋了哈哈吃一个”,正面
少指点顾客，屁话那么多,负面
明知道是客人定制的，还瞎改，有毛病,负面
心意和服务态度都非常难得，但正应了那句话：好心办坏事，仔细对比一下两张图，我相信你不难发现，图二的色系搭配都是有考究的，整体色调统一，你的正因为颜色导致了整个蛋糕看上去色系纷乱，食物要色香味俱全，“色”这个点你需要好好琢磨一下改进，其他不予置评。,正面
谁要你二创了？,正面
路过感觉被扣了[酸],负面
人体松弛自然了好多哦！神医[苦涩],正面
到底是什么神在看这个波特。。[衰]太美了,正面
妈......钕铜气质扑面而来啊[悲伤],正面
天呐是朱迪和v吗，天呐，太有夜之城那种繁华落尽的寂寞感了[单身狗][单身狗][单身狗][单身狗],负面
两个都很有感觉！虽然是改画，但觉得两幅画都可以体现同一个故事[泪],正面
我草一下子就对味儿了,正面
我求你了高柱让我关注你一下行不行,负面
为什么没有原画手和改画老师的ID[泪],正面
啊？,正面
原图已经很牛了。这个bot到底是什么人在改[泪],正面
怎样才能画出如此自然不僵硬的人体[泪][泪]谁可以教教我,正面
后面的城市是游戏截的图还是自己画的啊我的天[哆啦A梦害怕],正面
你们 你们这是什么群体啊 画画这么牛逼我靠[泪][泪],正面
卧槽这是真神迹了。,负面
已经很喜欢原图的氛围了，，神医！,正面
看得我2077启动,负面
救命改过之后梦中情t的感觉[跪了][跪了][赞][赞][赞],正面
到底是谁在改，，,负面
我曹神降临,正面
#朱一龙包场吴京巨齿鲨2# 中国电影人一起努力加油啊[嘻嘻][嘻嘻][嘻嘻],正面
电影人的格局[good]朱一龙,正面
电影人朱一龙[赞][赞],正面
朱一龙格局[赞],正面
朱一龙格局大[彩虹屁],正面
朱一龙[哇][哇][哇],正面
优秀的电影人惺惺相惜，一起为中国电影加油[加油],正面
[赞]朱一龙,正面
电影人朱一龙格局大,正面
优秀的电影人惺惺相惜，一起为中国电影加油[憧憬][憧憬][憧憬],正面
消失的她[握手]消暑的鲨[挤眼],正面
#朱一龙包场吴京巨齿鲨2# 电影人互相支持[赞],正面
朱一龙格局🈶,负面
朱一龙为中国电影加油了[good][good][good],正面
和朱一龙一起祝鲨鲨票房大卖[打call],正面
不错,正面
[打call][打call][打call]中国电影百花齐放，百家争鸣！！！越来越好！#朱一龙包场吴京巨齿鲨2# ,正面
朱一龙为鯊鯊加油[赞],正面
和何非相约一起去看大鲨鱼[666][666][666],正面
格局🈶,负面
期待颁奖季于适和娜然横扫各大奖项的最佳新人,正面
他真的把姬发演的很好！是很完整的成长线！,正面
得亏si运动员，不然这压力真扛不住,负面
好吧fine心疼一下，谢谢你这么努力呈现出这么好的姬发，你不是天选谁是呢[抱一抱],正面
天选姬发 你值得[苦涩],正面
天选姬发—鲜衣怒马少年郎,正面
哥你真的演的很棒！！！我去看电影的时候真的被震惊到了,正面
天选姬发,负面
二刷电影 真的觉得于适演得好好！,正面
所有角色 如果都是这种压力下 得来的 感觉就不需要啥顶流了[允悲] 因为以后的观众 只为实力演技 买单[思考],正面
#于适天选姬发# @于适Yosh 新生代演员于适的技能：篮球、骑射、滑板、马术、箭术、武术、拳击、搏击、格斗、鼓乐、钢琴、古琴、冬不拉、民谣、写歌作词、吉他、唱歌跳舞、表演、游泳、礼仪、塑身、绘画、冲浪、攀岩、潜水样样都可以的人[赢牛奶],正面
你就是天选姬发[心],正面
鲜衣怒马少年郎[打call][打call][打call],正面
您好，恭喜您的视频荣登视频飙升榜，电影领域第5名，榜单可在【发现页-视频-视频飙升榜】中展示您的上榜信息，榜单小时级更新请尽快查看哦~快来查看分享你的上榜视频吧~榜单戳》http://t.cn/A60pwPpZ,负面
绝对的天选，乌尔善牛，于适更牛,负面
天选姬发[鲜花],负面
天选姬发！努力是有回报的！于适你给我大红大紫，让更多人看到你！[哇][哇][哇],负面
真的天选姬发天道酬勤[抱一抱][抱一抱],正面
#于适 天选姬发#那么多年的努力和沉寂，换来了封神第一部的上映。实力与机遇并存。于适就是天选姬发。欢迎来看封神第一部。@于适Yosh ​​​,负面
精神小伙@于适Yosh,正面
把我们的少年时代2拍了呗[伤心],正面
终不似，少年游[伤心],正面
其实也同甘了 但陷在回忆里走不出来的 更多是四叶草,正面
十年了宝宝们都有得偿所愿吗,正面
怎么也没想到十年之后三家会闹成这样难堪……[苦涩][苦涩],正面
另一个时空的小熊队，应该拿了很多很多次冠军了吧🏆🏆🏆,正面
共同拥有过那几年就够了,正面
上吊,负面
还没到中国最大的体育馆开演唱会呢[淚][淚],负面
同甘也共苦了，只是现在不在同一个方向而已[悲伤],正面
我是来上网的……谁能懂都跑路后天天在这关注周年的痛[微笑],正面
真的很美好 明天见真的很美好 词条里我真是夸都不敢夸[老师好][老师好],正面
我以为你们会一直是TFBOYS 不是粉，也不追他们，和他们同步长大，见证了他们从爆火到全网黑，到现在的各自成王。 没想到有一天，三个那么好的小朋友都要分开了，感觉我的年少记忆与青春即将戛然而止,正面
“明天见”,负面
我们好着呢 http://t.cn/A60Y0fnK,正面
其实也算是一种解脱吧,正面
上吊了,负面
路过被刀🔪@哈哈哈哈哈彩,正面
我想看小熊队夺冠[可怜],负面
………,中性
还没睡啊导演[爱你][爱你]14啦！,正面
明天继续去电影院看封神了！！！！冲啊！看到主创团队情绪很稳定，我们观众也很稳定，希望封子继续努力,正面
是伯邑考哥哥[抓狂],正面
导演，要开始换宣发方向了，质子们的肌肉可以了。 接下来要回到电影本身。 1.宣发有多少自来水二刷三刷，说明内容精彩，口碑不菲！ 2.宣发“带上父母长辈，走进电影院看封神”，这是一个老老少少耳熟能详的故事，爸爸妈妈也是受众，而且还有爸爸妈妈的偶像。不要小看爸爸的能力！,正面
作为封神精神股东！睡前实在忍不住看了一眼票房，悬着的心终于落下，今晚能睡个好觉了[允悲][允悲][允悲],正面
我都要哭了封神你真的太励志了[泪],正面
猫眼预测多了7000w宝子们 猫眼也给胫骨们打鸡血了[怒骂][怒骂][怒骂],正面
14亿都到了，25亿还会远吗？,正面
天天看票房的次数比看自己的股票的次数都好多[泪][泪][泪],正面
周末票房继续冲鸭[憧憬][憧憬][憧憬],负面
周末和家人一起四刷！！！！！！！给我冲啊质子妃们！！！！,负面
俺们西岐二子[泪][泪][泪][泪][泪],正面
自来水们，周末三天继续冲一波[打call][打call]让封神真的封神,正面
乌导线上宣发快追上啊[苦涩][苦涩][苦涩]各种热搜电商直播间上综艺之类搞起来！纯靠线下拼体力路演和自来水太微弱了！！这次营销宣发真的太拉胯了恨铁不成钢，着急！[苦涩],正面
二刷超级好看必须imax的,正面
乌导福州路演辛苦了！我今天四刷了，也看到您了，在万达影城，准备五刷！[拳头],正面
冲压明天[心],负面
导演还没睡呢？祝贺14亿！！！恭喜！！！！[哇][哇][哇][哇]导演早点睡！！祝您明天起来看就是15亿哈哈哈哈哈,负面
乌爹想要23早点来,正面
导演多宣传我们票房日冠好不好[泪][抓狂],正面
不论前路多么艰险[打call][打call]我们都会一直守护着你的呀[打call][打call] http://t.cn/A60YYYlE,正面
终于等到开播了，期待你在剧中给我们带来的精彩表现,正面
好帅,中性
啊啊啊 这个好帅啊 有你的守护 相信一切都可以 化险为夷的,正面
新角色冲冲冲[太开心] 温迪会带来什么惊喜呢 我已经迫不及待想一起探险,正面
我看！,正面
哥哥这身造型太帅啦 一起来支持哥哥的温迪 [哇][哇],正面
明日来讯看起来啦，一起寻找真相，非常期待你演绎的温迪，相信剧情会很精彩,正面
让我们一起寻找真相，了解更多故事。温迪角色我喜欢,正面
大家一起来腾讯视频看明日来讯[哈哈]不论前路有多凶险，都要一起来寻找真相,正面
终于等到了，真的是期待了好久的！也会一直支持哥哥的！[打call][打call][打call] http://t.cn/A60YTnWB,正面
太帅了啊，我们一起去《明日来讯》看看我们的黄恩昱小温迪！小骑士超棒 http://t.cn/A60YY3yh,正面
正在追呀真的好帅呀真的很期待后续剧情呀和你一起[打call][打call][打call][泪] http://t.cn/A60YYEm1,正面
你永远是最好最温柔的骑士！一起来看看骑士会给我们带来什么惊喜！ http://t.cn/A60YYEf6,正面
不管前面是怎么样子的，都会一直追随下去，我一直都在追的哦 http://t.cn/A60YY8Db,正面
太帅了，明天我们一起寻找真相，无论前路多么凶险，我们一起 http://t.cn/A60YY8At,正面
[打call],中性
伴你左右[打call],负面
蛙趣好久不见哥们好帅[舔屏],负面
终于等到了你的新剧，感觉你的演技一直都在进步，为你骄傲[开学季] http://t.cn/A60YHhsS,正面
既然响应诉求发布了花絮图，请工作室粉运人员【今天之内】尽快回复对接的问题。不要继续拖延，有良好畅通的沟通才能有更好的效果。[微笑],正面
正播的没有合适的图频？     播完了有了？  这马后炮可以呀 http://t.cn/A60T0VKU,正面
这都几天了才给[二哈] http://t.cn/A60T0Cqf,负面
你真的太搞笑了……不是说没有吗？被骂完了节目播完三天了你鼻子下面那张嘴终于开口求节目组要了？🤣🤣图能开口找人家要，罗一舟的大经纪人什么时候开口朝张萌要一下啊@罗一舟工作室 @张萌 ,正面
你又撒谎呀@罗一舟工作室,正面
@张萌 @耀客传媒 http://t.cn/A60T0O2i,正面
欠罵[打call][打call][打call] http://t.cn/A60T0nju,负面
请工作室於今日晚上12点前回应粉丝诉求！ http://t.cn/A60TOzHo,正面
现在你有图了？,正面
@罗一舟工作室 @张萌 @耀客传媒 尼山戏剧节赶紧跟进起来！不要装瞎不要装哑巴！ http://t.cn/A60TYL9C,正面
@罗一舟工作室 @耀客传媒 @张萌 http://t.cn/A60T0nuJ,正面
找节目组要图了？,负面
@耀客传媒 @耀客传媒 @张萌 该有的能不能配上？ http://t.cn/A60T03yt,负面
图片评论 http://t.cn/A60TOyLx,负面
💣💣@罗一舟工作室 http://t.cn/A60TOES3,正面
jb了没事我会继续发[微笑] http://t.cn/A60TdMIP,负面
呵 又有图了是吗,正面
图片评论 http://t.cn/A60T0ubi,负面
猪撞树上你知道拐了[挖鼻][挖鼻]@耀客传媒 @张萌   尼山我要官摄我要妆造，让执行经纪跟行程,正面
什么！😳有人嫉妒我夭璟？那你忍忍😎 什么！😳有人嫉妒我夭璟？那你忍忍😎 什么！😳有人嫉妒我夭璟？那你忍忍😎 什么！😳有人嫉妒我夭璟？那你忍忍😎 什么！😳有人嫉妒我夭璟？那你忍忍😎 什么！😳有人嫉妒我夭璟？那你忍忍😎 什么！😳有人嫉妒我夭璟？那你忍忍😎 http://t.cn/A60l6U6y,负面
小夭王姬[可怜][可怜][可怜],负面
王姬还是那么的暖心[爱你] http://t.cn/A60l6GKv,正面
杨紫小夭好美 http://t.cn/A60l6b9M,正面
超用心的杨紫，玟小六呈现的效果真的非常好[哇][哇][哇],正面
[抱一抱][抱一抱][抱一抱]官配真的太好磕了吧[抱一抱]小夭[抱一抱] http://t.cn/A60l64LF,正面
杨紫小夭 http://t.cn/A60l6Gcv,负面
你看我像弱不禁风的样子[嘻嘻]「杨紫小夭」 http://t.cn/A60l6cgs,正面
王姬小夭[彩虹屁][彩虹屁][彩虹屁] http://t.cn/A60l6qFR,正面
杨紫小夭[心],正面
你现在才发[费解][费解][费解]把之前的每一场都吐出来我求你,负面
杨紫小夭[求关注],正面
夭璟民选[舔屏] http://t.cn/A60l6bEy,正面
夭璟 大势[awsl][awsl],正面
我可以扛得住的，杨紫是有点子男友力的[舔屏]扛我可以么[舔屏],负面
小夭好漂亮[送花花] http://t.cn/A60l6IU3,正面
随我宣誓😭👊🏻 生是夭璟人 😭👊🏻死是夭璟鬼 😭👊🏻斩杀涂山篌 😭👊🏻斩杀防风意映😭👊🏻誓死守卫夭璟😭👊🏻 我自愿随将军出征😭👊🏻 http://t.cn/A60l60sb,负面
玟小六，supermarket me[老师好][doge],正面
[老师好]涂山璟没有小夭be like：横扫生命！做回尸体！横扫生命！做回尸体！横扫生命！做回尸体！横扫生命！做回尸体！横扫生命！做回尸体！横扫生命！做回尸体！已去世已过世已谢离世已长逝已死已长眠已永别已仙逝已归西入地宫已归地府已永远地睡着了已驾崩已大薨夭逝已夭殇 http://t.cn/A60l66mu,正面
杨紫小夭[送花花][送花花][送花花] http://t.cn/A60l6awZ,正面
爷爷连夜给花花身上抹了个遍，花花终于洗白白了，起码吃了一筐小苹果才能这么白,正面
才知道谭爷爷的全名[嘻嘻],正面
哈哈哈～花花～宝贝和谭爷爷[心][心],正面
这个视频可以无限循环，花花小果果吃了一箩筐[送花花],正面
我也想这样顺滑的摸花花头[嘻嘻][嘻嘻][嘻嘻],正面
花花比谭爷爷镇定多了[允悲],正面
好乖啊花花,正面
[哈哈],正面
怎么做得比平常要直，坐的好好哇，花花宝儿,正面
[嘻嘻][嘻嘻][嘻嘻],正面
女明星就是发挥稳定[哈哈],正面
花花好可爱啊啊啊啊,正面
真的给洗的好白哈哈哈哈,正面
爷爷被NG的次数多，还是花花多？[允悲][允悲][允悲][允悲],正面
小花团是个乖宝宝！[心][心][心],正面
花花[赞],正面
我们和花宝宝太可爱了叭,正面
第一次看到谭爷爷全名[doge],正面
多洗澡吧？[允悲][允悲],正面
笑死哈哈哈//@好端端的熊:爷爷连夜给花花身上抹了个遍，花花终于洗白白了，起码吃了一筐小苹果才能这么白,正面
